{
	"1": {
		"1": {
			"runs": [
				5.016665595000006,
				5.015768635000001,
				5.015796831000017,
				5.015706023999996,
				5.015714671000012,
				5.015753189000009,
				5.015935195000026,
				5.015756189000001,
				5.01581672399999,
				5.015920190999992
			],
			"average": 5.015883324400005,
			"std": 0.00028558816704464887
		},
		"10": {
			"runs": [
				5.017105434999991,
				5.026723137000005,
				5.0172101029999965,
				5.026980330000015,
				5.027026032000009,
				5.016996734000003,
				5.017217985000002,
				5.026748586999986,
				5.016986165999981,
				5.017109045000012
			],
			"average": 5.0210103554,
			"std": 0.005044116616601359
		}
	},
	"10": {
		"1": {
			"runs": [
				5.0263295789999916,
				5.026051188999986,
				5.025955185999976,
				5.0259820439999885,
				5.013876028000027,
				5.025996141000007,
				5.026080767999986,
				5.0260292209999875,
				5.026035651000029,
				5.016120650000005
			],
			"average": 5.023845645699998,
			"std": 0.004693992206889043
		},
		"10": {
			"runs": [
				5.038526106999996,
				5.074579580999966,
				5.048888460000001,
				5.065428843999996,
				5.071847518000027,
				5.090735569000003,
				5.053715683999997,
				5.0606142320000345,
				5.052097260000039,
				5.060678009000014
			],
			"average": 5.061711126400008,
			"std": 0.014851760779464044
		}
	},
	"20": {
		"1": {
			"runs": [
				5.026452028999984,
				5.026187141000037,
				5.026028120000035,
				5.02607923000005,
				5.026203377000002,
				5.026200310999968,
				5.026253255000029,
				5.0261030150000465,
				5.016559087999951,
				5.026277728000025
			],
			"average": 5.025234329400012,
			"std": 0.00305046616732509
		},
		"10": {
			"runs": [
				5.066411624000011,
				5.076335959000005,
				5.074417682999979,
				5.060797466000054,
				5.068749684000011,
				5.084114841999963,
				5.065742022999984,
				5.086488918999976,
				5.076270748999946,
				5.135073992000002
			],
			"average": 5.079440294099993,
			"std": 0.02116282234767359
		}
	},
	"30": {
		"1": {
			"runs": [
				5.026394051000011,
				5.026036350000027,
				5.036249092999924,
				5.026016238000011,
				5.025665025999956,
				5.036245768999947,
				5.036208306000049,
				5.0260974950000445,
				5.026089334999938,
				5.0261370039999065
			],
			"average": 5.029113866699982,
			"std": 0.004916783814866207
		},
		"10": {
			"runs": [
				5.123784501000046,
				5.102915691000021,
				5.091969387999939,
				5.104325753000012,
				5.092416665999963,
				5.131098917999907,
				5.089700245000017,
				5.090663777000032,
				5.090088980000019,
				5.075006371999962
			],
			"average": 5.099197029099992,
			"std": 0.016969804600489028
		}
	},
	"40": {
		"1": {
			"runs": [
				5.03423265999993,
				5.036334278000027,
				5.036208735999935,
				5.026185578999957,
				5.026165481000021,
				5.03652037400002,
				5.026117888000044,
				5.036304079000047,
				5.0260955119999835,
				5.046337228000084
			],
			"average": 5.033050181500005,
			"std": 0.006768240300261334
		},
		"10": {
			"runs": [
				5.108901475000039,
				5.091049215999988,
				5.090547815000036,
				5.119677828999897,
				5.101925076000043,
				5.13921958200001,
				5.158824596000045,
				5.119261288999951,
				5.124786018000009,
				5.11831370799996
			],
			"average": 5.117250660399998,
			"std": 0.021037033937076958
		}
	}
}