{
	"common": {
		"deploy": [
			{
				"name": "deploy",
				"start": 3.5337072639995313,
				"end": 20.11658778200217
			}
		]
	},
	"facts": {
		"deploy": [
			{
				"name": "deploy",
				"start": 0.00030241900094551966,
				"end": 3.533255411002756
			}
		]
	},
	"glance": {
		"deploy": [
			{
				"name": "deploy",
				"start": 162.41822207199948,
				"end": 209.0749685310002
			}
		]
	},
	"haproxy": {
		"deploy": [
			{
				"name": "deploy",
				"start": 20.117064083002333,
				"end": 35.67854811200232
			}
		]
	},
	"keystone": {
		"deploy": [
			{
				"name": "deploy",
				"start": 112.51176037100231,
				"end": 162.41782451200197
			}
		]
	},
	"mariadb": {
		"deploy": [
			{
				"name": "deploy",
				"start": 39.35835361200225,
				"end": 105.63936533100059
			}
		]
	},
	"memcached": {
		"deploy": [
			{
				"name": "deploy",
				"start": 35.678947120002704,
				"end": 39.358068153000204
			}
		]
	},
	"neutron": {
		"deploy": [
			{
				"name": "deploy",
				"start": 419.4539255590025,
				"end": 538.5116627520001
			}
		]
	},
	"nova": {
		"deploy": [
			{
				"name": "deploy",
				"start": 209.0758251130028,
				"end": 411.5869585950022
			}
		]
	},
	"openvswitch": {
		"deploy": [
			{
				"name": "deploy",
				"start": 411.5875865770031,
				"end": 419.4535610230014
			}
		]
	},
	"rabbitmq": {
		"deploy": [
			{
				"name": "deploy",
				"start": 105.63977379000062,
				"end": 112.5113764710004
			}
		]
	}
}