{
	"common": {
		"deploy": [
			{
				"name": "deploy",
				"start": 4.15163430100074,
				"end": 56.93738821700026
			}
		]
	},
	"facts": {
		"deploy": [
			{
				"name": "deploy",
				"start": 0.00604232100158697,
				"end": 4.151225551999232
			}
		]
	},
	"glance": {
		"deploy": [
			{
				"name": "deploy",
				"start": 216.4378733429985,
				"end": 268.21646714300005
			}
		]
	},
	"haproxy": {
		"deploy": [
			{
				"name": "deploy",
				"start": 56.93792765699982,
				"end": 78.62712529599958
			}
		]
	},
	"keystone": {
		"deploy": [
			{
				"name": "deploy",
				"start": 167.82568556299884,
				"end": 216.43754930100113
			}
		]
	},
	"mariadb": {
		"deploy": [
			{
				"name": "deploy",
				"start": 84.8709236249997,
				"end": 157.2302320050003
			}
		]
	},
	"memcached": {
		"deploy": [
			{
				"name": "deploy",
				"start": 78.62750339099875,
				"end": 84.870693932
			}
		]
	},
	"neutron": {
		"deploy": [
			{
				"name": "deploy",
				"start": 457.126683415001,
				"end": 531.0690618549997
			}
		]
	},
	"nova": {
		"deploy": [
			{
				"name": "deploy",
				"start": 268.2168053690002,
				"end": 443.8718871279998
			}
		]
	},
	"openvswitch": {
		"deploy": [
			{
				"name": "deploy",
				"start": 443.87220346899994,
				"end": 457.1263987570019
			}
		]
	},
	"rabbitmq": {
		"deploy": [
			{
				"name": "deploy",
				"start": 157.23067297500165,
				"end": 167.8254666549983
			}
		]
	}
}