{
	"common": {
		"deploy": [
			{
				"name": "deploy",
				"start": 4.173543674001849,
				"end": 56.450182603999565
			}
		]
	},
	"facts": {
		"deploy": [
			{
				"name": "deploy",
				"start": 0.005621184998744866,
				"end": 4.172604015999241
			}
		]
	},
	"glance": {
		"deploy": [
			{
				"name": "deploy",
				"start": 214.83105447599883,
				"end": 265.81392795699867
			}
		]
	},
	"haproxy": {
		"deploy": [
			{
				"name": "deploy",
				"start": 56.450574514001346,
				"end": 77.98938424000153
			}
		]
	},
	"keystone": {
		"deploy": [
			{
				"name": "deploy",
				"start": 166.5938176890013,
				"end": 214.8307269040015
			}
		]
	},
	"mariadb": {
		"deploy": [
			{
				"name": "deploy",
				"start": 84.07979848700052,
				"end": 156.24741813199944
			}
		]
	},
	"memcached": {
		"deploy": [
			{
				"name": "deploy",
				"start": 77.9897682080009,
				"end": 84.07955220200165
			}
		]
	},
	"neutron": {
		"deploy": [
			{
				"name": "deploy",
				"start": 452.00058878500204,
				"end": 525.1282801369998
			}
		]
	},
	"nova": {
		"deploy": [
			{
				"name": "deploy",
				"start": 265.8142539260007,
				"end": 438.9379463490004
			}
		]
	},
	"openvswitch": {
		"deploy": [
			{
				"name": "deploy",
				"start": 438.9383205260019,
				"end": 452.00034410300213
			}
		]
	},
	"rabbitmq": {
		"deploy": [
			{
				"name": "deploy",
				"start": 156.2478136360005,
				"end": 166.59358307300135
			}
		]
	}
}