{
	"common": {
		"deploy": [
			{
				"name": "deploy",
				"start": 4.18936085599853,
				"end": 56.41179306800041
			}
		]
	},
	"facts": {
		"deploy": [
			{
				"name": "deploy",
				"start": 0.0056019089970504865,
				"end": 4.188951285999792
			}
		]
	},
	"glance": {
		"deploy": [
			{
				"name": "deploy",
				"start": 218.58659495499887,
				"end": 266.825514684002
			}
		]
	},
	"haproxy": {
		"deploy": [
			{
				"name": "deploy",
				"start": 56.41231612500269,
				"end": 77.91131359300198
			}
		]
	},
	"keystone": {
		"deploy": [
			{
				"name": "deploy",
				"start": 166.78070824700262,
				"end": 218.5862712099988
			}
		]
	},
	"mariadb": {
		"deploy": [
			{
				"name": "deploy",
				"start": 83.98881832399638,
				"end": 156.36356621299637
			}
		]
	},
	"memcached": {
		"deploy": [
			{
				"name": "deploy",
				"start": 77.91171529400162,
				"end": 83.98857100000168
			}
		]
	},
	"neutron": {
		"deploy": [
			{
				"name": "deploy",
				"start": 453.65342466600123,
				"end": 526.9622605319964
			}
		]
	},
	"nova": {
		"deploy": [
			{
				"name": "deploy",
				"start": 266.8258805489968,
				"end": 440.549183643001
			}
		]
	},
	"openvswitch": {
		"deploy": [
			{
				"name": "deploy",
				"start": 440.5495945799994,
				"end": 453.6530662389996
			}
		]
	},
	"rabbitmq": {
		"deploy": [
			{
				"name": "deploy",
				"start": 156.36395871699642,
				"end": 166.7804923759977
			}
		]
	}
}