{
	"common": {
		"deploy": [
			{
				"name": "deploy",
				"start": 4.189328790000218,
				"end": 52.03478697000082
			}
		]
	},
	"facts": {
		"deploy": [
			{
				"name": "deploy",
				"start": 0.005484138000610983,
				"end": 4.1889351340005305
			}
		]
	},
	"glance": {
		"deploy": [
			{
				"name": "deploy",
				"start": 202.8093894930007,
				"end": 247.18588040600025
			}
		]
	},
	"haproxy": {
		"deploy": [
			{
				"name": "deploy",
				"start": 52.03515889800019,
				"end": 69.8651914130005
			}
		]
	},
	"keystone": {
		"deploy": [
			{
				"name": "deploy",
				"start": 153.0156823920006,
				"end": 202.8090848870006
			}
		]
	},
	"mariadb": {
		"deploy": [
			{
				"name": "deploy",
				"start": 74.15550875400004,
				"end": 144.43303822899998
			}
		]
	},
	"memcached": {
		"deploy": [
			{
				"name": "deploy",
				"start": 69.86555081000006,
				"end": 74.15526492400022
			}
		]
	},
	"neutron": {
		"deploy": [
			{
				"name": "deploy",
				"start": 415.49816866900073,
				"end": 479.71668042700003
			}
		]
	},
	"nova": {
		"deploy": [
			{
				"name": "deploy",
				"start": 247.18623211200065,
				"end": 405.79722682400006
			}
		]
	},
	"openvswitch": {
		"deploy": [
			{
				"name": "deploy",
				"start": 405.79755920200023,
				"end": 415.4979296020001
			}
		]
	},
	"rabbitmq": {
		"deploy": [
			{
				"name": "deploy",
				"start": 144.43335288700018,
				"end": 153.01530297800036
			}
		]
	}
}