{
	"common": {
		"deploy": [
			{
				"name": "deploy",
				"start": 4.2011999690002995,
				"end": 19.99447985700317
			}
		]
	},
	"facts": {
		"deploy": [
			{
				"name": "deploy",
				"start": 0.00560519400096382,
				"end": 4.200786837001942
			}
		]
	},
	"glance": {
		"deploy": [
			{
				"name": "deploy",
				"start": 138.4057127470005,
				"end": 182.4144520100017
			}
		]
	},
	"haproxy": {
		"deploy": [
			{
				"name": "deploy",
				"start": 19.994818668001244,
				"end": 34.7046354990016
			}
		]
	},
	"keystone": {
		"deploy": [
			{
				"name": "deploy",
				"start": 107.3833980940035,
				"end": 138.4052674300001
			}
		]
	},
	"mariadb": {
		"deploy": [
			{
				"name": "deploy",
				"start": 38.09948952000195,
				"end": 101.26851792900197
			}
		]
	},
	"memcached": {
		"deploy": [
			{
				"name": "deploy",
				"start": 34.70493923700269,
				"end": 38.09913337400212
			}
		]
	},
	"neutron": {
		"deploy": [
			{
				"name": "deploy",
				"start": 292.8309427630011,
				"end": 331.7401970460014
			}
		]
	},
	"nova": {
		"deploy": [
			{
				"name": "deploy",
				"start": 182.4147430080011,
				"end": 285.795728193003
			}
		]
	},
	"openvswitch": {
		"deploy": [
			{
				"name": "deploy",
				"start": 285.79608377300247,
				"end": 292.83064758100227
			}
		]
	},
	"rabbitmq": {
		"deploy": [
			{
				"name": "deploy",
				"start": 101.26885296600085,
				"end": 107.38317316400207
			}
		]
	}
}