{
	"common": {
		"deploy": [
			{
				"name": "deploy",
				"start": 5.111008386997128,
				"end": 57.70696655999927
			}
		]
	},
	"facts": {
		"deploy": [
			{
				"name": "deploy",
				"start": 0.0055793349965824746,
				"end": 5.110561467998195
			}
		]
	},
	"glance": {
		"deploy": [
			{
				"name": "deploy",
				"start": 217.2227635599993,
				"end": 265.35778644499806
			}
		]
	},
	"haproxy": {
		"deploy": [
			{
				"name": "deploy",
				"start": 57.70735408499968,
				"end": 79.26993506500003
			}
		]
	},
	"keystone": {
		"deploy": [
			{
				"name": "deploy",
				"start": 168.69472842999676,
				"end": 217.22238371899948
			}
		]
	},
	"mariadb": {
		"deploy": [
			{
				"name": "deploy",
				"start": 85.52143568499741,
				"end": 157.92838727199705
			}
		]
	},
	"memcached": {
		"deploy": [
			{
				"name": "deploy",
				"start": 79.27032319299906,
				"end": 85.52119969699925
			}
		]
	},
	"neutron": {
		"deploy": [
			{
				"name": "deploy",
				"start": 456.13627541499955,
				"end": 529.9834569419982
			}
		]
	},
	"nova": {
		"deploy": [
			{
				"name": "deploy",
				"start": 265.35815989099865,
				"end": 442.8574696399992
			}
		]
	},
	"openvswitch": {
		"deploy": [
			{
				"name": "deploy",
				"start": 442.8578708549976,
				"end": 456.13605980599823
			}
		]
	},
	"rabbitmq": {
		"deploy": [
			{
				"name": "deploy",
				"start": 157.92876340499788,
				"end": 168.69449369499853
			}
		]
	}
}