{
	"common": {
		"deploy": [
			{
				"name": "deploy",
				"start": 4.162559136999334,
				"end": 52.568817865998426
			}
		]
	},
	"facts": {
		"deploy": [
			{
				"name": "deploy",
				"start": 0.005562193000514526,
				"end": 4.162110624998604
			}
		]
	},
	"glance": {
		"deploy": [
			{
				"name": "deploy",
				"start": 203.88877660399885,
				"end": 249.07870810999884
			}
		]
	},
	"haproxy": {
		"deploy": [
			{
				"name": "deploy",
				"start": 52.56917739299752,
				"end": 70.43834881499788
			}
		]
	},
	"keystone": {
		"deploy": [
			{
				"name": "deploy",
				"start": 154.42840385700038,
				"end": 203.8882044819984
			}
		]
	},
	"mariadb": {
		"deploy": [
			{
				"name": "deploy",
				"start": 74.70421273399916,
				"end": 145.00770473900047
			}
		]
	},
	"memcached": {
		"deploy": [
			{
				"name": "deploy",
				"start": 70.43878732799931,
				"end": 74.70398450299763
			}
		]
	},
	"neutron": {
		"deploy": [
			{
				"name": "deploy",
				"start": 418.99140549000003,
				"end": 482.96698501399806
			}
		]
	},
	"nova": {
		"deploy": [
			{
				"name": "deploy",
				"start": 249.07909071799804,
				"end": 408.6983566969975
			}
		]
	},
	"openvswitch": {
		"deploy": [
			{
				"name": "deploy",
				"start": 408.6990374579982,
				"end": 418.991147282999
			}
		]
	},
	"rabbitmq": {
		"deploy": [
			{
				"name": "deploy",
				"start": 145.00807481599986,
				"end": 154.4281804759994
			}
		]
	}
}