{
	"common": {
		"deploy": [
			{
				"name": "deploy",
				"start": 5.16333943599966,
				"end": 20.975207845000114
			}
		]
	},
	"facts": {
		"deploy": [
			{
				"name": "deploy",
				"start": 0.006212101998244179,
				"end": 5.162937487999443
			}
		]
	},
	"glance": {
		"deploy": [
			{
				"name": "deploy",
				"start": 142.53257855899938,
				"end": 182.8284578849998
			}
		]
	},
	"haproxy": {
		"deploy": [
			{
				"name": "deploy",
				"start": 20.975625320999825,
				"end": 35.70973487399897
			}
		]
	},
	"keystone": {
		"deploy": [
			{
				"name": "deploy",
				"start": 108.50323983899943,
				"end": 142.53227262200016
			}
		]
	},
	"mariadb": {
		"deploy": [
			{
				"name": "deploy",
				"start": 39.10346954199849,
				"end": 102.43425654800012
			}
		]
	},
	"memcached": {
		"deploy": [
			{
				"name": "deploy",
				"start": 35.71016435799902,
				"end": 39.103133917997184
			}
		]
	},
	"neutron": {
		"deploy": [
			{
				"name": "deploy",
				"start": 293.4045477519976,
				"end": 332.36438091299715
			}
		]
	},
	"nova": {
		"deploy": [
			{
				"name": "deploy",
				"start": 182.82876111299993,
				"end": 286.22412807599903
			}
		]
	},
	"openvswitch": {
		"deploy": [
			{
				"name": "deploy",
				"start": 286.224429029,
				"end": 293.40435067999715
			}
		]
	},
	"rabbitmq": {
		"deploy": [
			{
				"name": "deploy",
				"start": 102.43462654599716,
				"end": 108.50301985899932
			}
		]
	}
}