{
	"common": {
		"deploy": [
			{
				"name": "deploy",
				"start": 4.167318226001953,
				"end": 56.884434544001124
			}
		]
	},
	"facts": {
		"deploy": [
			{
				"name": "deploy",
				"start": 0.0055759330025466625,
				"end": 4.166894848000084
			}
		]
	},
	"glance": {
		"deploy": [
			{
				"name": "deploy",
				"start": 216.43688463200306,
				"end": 268.3901941630029
			}
		]
	},
	"haproxy": {
		"deploy": [
			{
				"name": "deploy",
				"start": 56.88493625600313,
				"end": 78.56069796500014
			}
		]
	},
	"keystone": {
		"deploy": [
			{
				"name": "deploy",
				"start": 168.05217338900184,
				"end": 216.43650455900206
			}
		]
	},
	"mariadb": {
		"deploy": [
			{
				"name": "deploy",
				"start": 84.83934457100258,
				"end": 157.3987369230017
			}
		]
	},
	"memcached": {
		"deploy": [
			{
				"name": "deploy",
				"start": 78.56110142100079,
				"end": 84.83907628200177
			}
		]
	},
	"neutron": {
		"deploy": [
			{
				"name": "deploy",
				"start": 463.07159006000074,
				"end": 537.2753693350023
			}
		]
	},
	"nova": {
		"deploy": [
			{
				"name": "deploy",
				"start": 268.39060364800025,
				"end": 449.69624143500187
			}
		]
	},
	"openvswitch": {
		"deploy": [
			{
				"name": "deploy",
				"start": 449.69665077300306,
				"end": 463.0713340000002
			}
		]
	},
	"rabbitmq": {
		"deploy": [
			{
				"name": "deploy",
				"start": 157.39916763200017,
				"end": 168.05187023899998
			}
		]
	}
}