{
	"common": {
		"deploy": [
			{
				"name": "deploy",
				"start": 5.135621770998114,
				"end": 20.687026445997617
			}
		]
	},
	"facts": {
		"deploy": [
			{
				"name": "deploy",
				"start": 0.005602119999821298,
				"end": 5.135230720999971
			}
		]
	},
	"glance": {
		"deploy": [
			{
				"name": "deploy",
				"start": 142.0228471019982,
				"end": 182.61173865899764
			}
		]
	},
	"haproxy": {
		"deploy": [
			{
				"name": "deploy",
				"start": 20.687390156999754,
				"end": 35.42112699900099
			}
		]
	},
	"keystone": {
		"deploy": [
			{
				"name": "deploy",
				"start": 108.17466372799754,
				"end": 142.0225831159987
			}
		]
	},
	"mariadb": {
		"deploy": [
			{
				"name": "deploy",
				"start": 38.8109664170006,
				"end": 102.10085255900049
			}
		]
	},
	"memcached": {
		"deploy": [
			{
				"name": "deploy",
				"start": 35.421408358997724,
				"end": 38.81067948100099
			}
		]
	},
	"neutron": {
		"deploy": [
			{
				"name": "deploy",
				"start": 293.0922305280001,
				"end": 332.0700834329982
			}
		]
	},
	"nova": {
		"deploy": [
			{
				"name": "deploy",
				"start": 182.6120629399993,
				"end": 285.9590573460009
			}
		]
	},
	"openvswitch": {
		"deploy": [
			{
				"name": "deploy",
				"start": 285.9593790250001,
				"end": 293.091938663998
			}
		]
	},
	"rabbitmq": {
		"deploy": [
			{
				"name": "deploy",
				"start": 102.10121426399928,
				"end": 108.17447484199874
			}
		]
	}
}