{
	"common": {
		"deploy": [
			{
				"name": "deploy",
				"start": 4.1878752400007215,
				"end": 19.947913256000902
			}
		]
	},
	"facts": {
		"deploy": [
			{
				"name": "deploy",
				"start": 0.005594890000793384,
				"end": 4.187484468999173
			}
		]
	},
	"glance": {
		"deploy": [
			{
				"name": "deploy",
				"start": 144.30827688499994,
				"end": 184.81818019300044
			}
		]
	},
	"haproxy": {
		"deploy": [
			{
				"name": "deploy",
				"start": 19.94832138000129,
				"end": 34.6426833100013
			}
		]
	},
	"keystone": {
		"deploy": [
			{
				"name": "deploy",
				"start": 110.38722471599976,
				"end": 144.3079131810009
			}
		]
	},
	"mariadb": {
		"deploy": [
			{
				"name": "deploy",
				"start": 38.04858022500048,
				"end": 104.30480767699919
			}
		]
	},
	"memcached": {
		"deploy": [
			{
				"name": "deploy",
				"start": 34.64331745000163,
				"end": 38.048163020001084
			}
		]
	},
	"neutron": {
		"deploy": [
			{
				"name": "deploy",
				"start": 295.27229425599944,
				"end": 334.58190095399914
			}
		]
	},
	"nova": {
		"deploy": [
			{
				"name": "deploy",
				"start": 184.81858460299918,
				"end": 288.18816928999877
			}
		]
	},
	"openvswitch": {
		"deploy": [
			{
				"name": "deploy",
				"start": 288.1886076510018,
				"end": 295.27208440699906
			}
		]
	},
	"rabbitmq": {
		"deploy": [
			{
				"name": "deploy",
				"start": 104.3052060930022,
				"end": 110.38693163000062
			}
		]
	}
}