{
	"common": {
		"deploy": [
			{
				"name": "deploy",
				"start": 4.173845970999537,
				"end": 52.39451996700154
			}
		]
	},
	"facts": {
		"deploy": [
			{
				"name": "deploy",
				"start": 0.005575634000706486,
				"end": 4.173422916999698
			}
		]
	},
	"glance": {
		"deploy": [
			{
				"name": "deploy",
				"start": 204.4639148770002,
				"end": 248.96959042900198
			}
		]
	},
	"haproxy": {
		"deploy": [
			{
				"name": "deploy",
				"start": 52.39491720600199,
				"end": 70.29432239500238
			}
		]
	},
	"keystone": {
		"deploy": [
			{
				"name": "deploy",
				"start": 154.37262186700173,
				"end": 204.46359638700233
			}
		]
	},
	"mariadb": {
		"deploy": [
			{
				"name": "deploy",
				"start": 75.26687748100085,
				"end": 145.64581575800185
			}
		]
	},
	"memcached": {
		"deploy": [
			{
				"name": "deploy",
				"start": 70.29473593000148,
				"end": 75.26665140300247
			}
		]
	},
	"neutron": {
		"deploy": [
			{
				"name": "deploy",
				"start": 417.7564485670009,
				"end": 482.9160700829998
			}
		]
	},
	"nova": {
		"deploy": [
			{
				"name": "deploy",
				"start": 248.9699961610022,
				"end": 408.0915394540025
			}
		]
	},
	"openvswitch": {
		"deploy": [
			{
				"name": "deploy",
				"start": 408.091859938002,
				"end": 417.7560814360004
			}
		]
	},
	"rabbitmq": {
		"deploy": [
			{
				"name": "deploy",
				"start": 145.6462704450023,
				"end": 154.37228340500224
			}
		]
	}
}