{
	"common": {
		"deploy": [
			{
				"name": "deploy",
				"start": 5.279799644999912,
				"end": 54.04934468199963
			}
		]
	},
	"facts": {
		"deploy": [
			{
				"name": "deploy",
				"start": 0.006046739999874262,
				"end": 5.278393479999977
			}
		]
	},
	"glance": {
		"deploy": [
			{
				"name": "deploy",
				"start": 200.66308228299977,
				"end": 248.06813575099977
			}
		]
	},
	"haproxy": {
		"deploy": [
			{
				"name": "deploy",
				"start": 54.049712611999894,
				"end": 71.83318731199961
			}
		]
	},
	"keystone": {
		"deploy": [
			{
				"name": "deploy",
				"start": 154.93676496399985,
				"end": 200.66264373399963
			}
		]
	},
	"mariadb": {
		"deploy": [
			{
				"name": "deploy",
				"start": 76.13481148499977,
				"end": 146.3784399049996
			}
		]
	},
	"memcached": {
		"deploy": [
			{
				"name": "deploy",
				"start": 71.83352697700002,
				"end": 76.13452892899977
			}
		]
	},
	"neutron": {
		"deploy": [
			{
				"name": "deploy",
				"start": 417.3889405619998,
				"end": 483.1126176409998
			}
		]
	},
	"nova": {
		"deploy": [
			{
				"name": "deploy",
				"start": 248.06847384399998,
				"end": 406.4588112479996
			}
		]
	},
	"openvswitch": {
		"deploy": [
			{
				"name": "deploy",
				"start": 406.45924462699986,
				"end": 417.3886994049999
			}
		]
	},
	"rabbitmq": {
		"deploy": [
			{
				"name": "deploy",
				"start": 146.37886558799983,
				"end": 154.93654798999978
			}
		]
	}
}