{
	"common": {
		"deploy": [
			{
				"name": "deploy",
				"start": 4.1482828859998335,
				"end": 52.003590479000195
			}
		]
	},
	"facts": {
		"deploy": [
			{
				"name": "deploy",
				"start": 0.005624147000162338,
				"end": 4.147885440999744
			}
		]
	},
	"glance": {
		"deploy": [
			{
				"name": "deploy",
				"start": 202.15563482400012,
				"end": 243.799444837
			}
		]
	},
	"haproxy": {
		"deploy": [
			{
				"name": "deploy",
				"start": 52.00394082599996,
				"end": 69.76245117999952
			}
		]
	},
	"keystone": {
		"deploy": [
			{
				"name": "deploy",
				"start": 153.01148758,
				"end": 202.15523629000018
			}
		]
	},
	"mariadb": {
		"deploy": [
			{
				"name": "deploy",
				"start": 73.98405856499994,
				"end": 144.43709480899997
			}
		]
	},
	"memcached": {
		"deploy": [
			{
				"name": "deploy",
				"start": 69.76284259499971,
				"end": 73.98382990899972
			}
		]
	},
	"neutron": {
		"deploy": [
			{
				"name": "deploy",
				"start": 413.22972097299953,
				"end": 477.16657973100064
			}
		]
	},
	"nova": {
		"deploy": [
			{
				"name": "deploy",
				"start": 243.79967597800078,
				"end": 403.74536526300017
			}
		]
	},
	"openvswitch": {
		"deploy": [
			{
				"name": "deploy",
				"start": 403.74585412800025,
				"end": 413.2294146640006
			}
		]
	},
	"rabbitmq": {
		"deploy": [
			{
				"name": "deploy",
				"start": 144.4375063890002,
				"end": 153.01116894400002
			}
		]
	}
}