{
	"common": {
		"deploy": [
			{
				"name": "deploy",
				"start": 5.208755049001411,
				"end": 20.963318145000812
			}
		]
	},
	"facts": {
		"deploy": [
			{
				"name": "deploy",
				"start": 0.00557558299988159,
				"end": 5.2082938050007215
			}
		]
	},
	"glance": {
		"deploy": [
			{
				"name": "deploy",
				"start": 150.44503628799976,
				"end": 191.23529959900043
			}
		]
	},
	"haproxy": {
		"deploy": [
			{
				"name": "deploy",
				"start": 20.963722317999782,
				"end": 35.63598375299989
			}
		]
	},
	"keystone": {
		"deploy": [
			{
				"name": "deploy",
				"start": 108.32115298700046,
				"end": 150.44462048100104
			}
		]
	},
	"mariadb": {
		"deploy": [
			{
				"name": "deploy",
				"start": 39.001224472000104,
				"end": 102.22691039300116
			}
		]
	},
	"memcached": {
		"deploy": [
			{
				"name": "deploy",
				"start": 35.63635532900116,
				"end": 39.00084336400141
			}
		]
	},
	"neutron": {
		"deploy": [
			{
				"name": "deploy",
				"start": 301.4763628870005,
				"end": 340.2320903380005
			}
		]
	},
	"nova": {
		"deploy": [
			{
				"name": "deploy",
				"start": 191.23562333100017,
				"end": 294.40240512200035
			}
		]
	},
	"openvswitch": {
		"deploy": [
			{
				"name": "deploy",
				"start": 294.40269853000063,
				"end": 301.47616576899964
			}
		]
	},
	"rabbitmq": {
		"deploy": [
			{
				"name": "deploy",
				"start": 102.22734218000005,
				"end": 108.32079405500008
			}
		]
	}
}