{
	"common": {
		"deploy": [
			{
				"name": "deploy",
				"start": 5.034883334001279,
				"end": 20.68285188000118
			}
		]
	},
	"facts": {
		"deploy": [
			{
				"name": "deploy",
				"start": 0.005704987001081463,
				"end": 5.034258347999639
			}
		]
	},
	"glance": {
		"deploy": [
			{
				"name": "deploy",
				"start": 141.97891521600104,
				"end": 182.16430146499988
			}
		]
	},
	"haproxy": {
		"deploy": [
			{
				"name": "deploy",
				"start": 20.683228111000062,
				"end": 35.4034046680008
			}
		]
	},
	"keystone": {
		"deploy": [
			{
				"name": "deploy",
				"start": 107.99722060699969,
				"end": 141.97859293300098
			}
		]
	},
	"mariadb": {
		"deploy": [
			{
				"name": "deploy",
				"start": 38.78346669500024,
				"end": 101.97895042399978
			}
		]
	},
	"memcached": {
		"deploy": [
			{
				"name": "deploy",
				"start": 35.40376478500002,
				"end": 38.78323249099958
			}
		]
	},
	"neutron": {
		"deploy": [
			{
				"name": "deploy",
				"start": 292.5271725670009,
				"end": 331.5261345170002
			}
		]
	},
	"nova": {
		"deploy": [
			{
				"name": "deploy",
				"start": 182.16451901800065,
				"end": 285.49622547299987
			}
		]
	},
	"openvswitch": {
		"deploy": [
			{
				"name": "deploy",
				"start": 285.4966252000013,
				"end": 292.52696993300015
			}
		]
	},
	"rabbitmq": {
		"deploy": [
			{
				"name": "deploy",
				"start": 101.97934221499963,
				"end": 107.99699472000066
			}
		]
	}
}