{
	"common": {
		"deploy": [
			{
				"name": "deploy",
				"start": 4.239436733998446,
				"end": 56.64728940200075
			}
		]
	},
	"facts": {
		"deploy": [
			{
				"name": "deploy",
				"start": 0.005585308001172962,
				"end": 4.238492754000617
			}
		]
	},
	"glance": {
		"deploy": [
			{
				"name": "deploy",
				"start": 218.95301340099832,
				"end": 267.63835648299937
			}
		]
	},
	"haproxy": {
		"deploy": [
			{
				"name": "deploy",
				"start": 56.6476953450001,
				"end": 78.19934858800116
			}
		]
	},
	"keystone": {
		"deploy": [
			{
				"name": "deploy",
				"start": 167.65724787399813,
				"end": 218.95267272899946
			}
		]
	},
	"mariadb": {
		"deploy": [
			{
				"name": "deploy",
				"start": 84.46756883299895,
				"end": 157.02079896899886
			}
		]
	},
	"memcached": {
		"deploy": [
			{
				"name": "deploy",
				"start": 78.19974477899814,
				"end": 84.46730814499824
			}
		]
	},
	"neutron": {
		"deploy": [
			{
				"name": "deploy",
				"start": 455.80196267299834,
				"end": 529.4308747430005
			}
		]
	},
	"nova": {
		"deploy": [
			{
				"name": "deploy",
				"start": 267.6387357599997,
				"end": 442.49936944599904
			}
		]
	},
	"openvswitch": {
		"deploy": [
			{
				"name": "deploy",
				"start": 442.5000766150006,
				"end": 455.80171823099954
			}
		]
	},
	"rabbitmq": {
		"deploy": [
			{
				"name": "deploy",
				"start": 157.0211280149997,
				"end": 167.65699238099842
			}
		]
	}
}