{
	"common": {
		"deploy": [
			{
				"name": "deploy",
				"start": 4.187735759998759,
				"end": 20.06841521199931
			}
		]
	},
	"facts": {
		"deploy": [
			{
				"name": "deploy",
				"start": 0.00614833399959025,
				"end": 4.186604956999872
			}
		]
	},
	"glance": {
		"deploy": [
			{
				"name": "deploy",
				"start": 141.1851337019998,
				"end": 178.35793982999894
			}
		]
	},
	"haproxy": {
		"deploy": [
			{
				"name": "deploy",
				"start": 20.068844575000185,
				"end": 34.840606976000345
			}
		]
	},
	"keystone": {
		"deploy": [
			{
				"name": "deploy",
				"start": 107.50393051299943,
				"end": 141.18474819899893
			}
		]
	},
	"mariadb": {
		"deploy": [
			{
				"name": "deploy",
				"start": 38.21625103899896,
				"end": 101.4749228820001
			}
		]
	},
	"memcached": {
		"deploy": [
			{
				"name": "deploy",
				"start": 34.84104032399955,
				"end": 38.21594330900007
			}
		]
	},
	"neutron": {
		"deploy": [
			{
				"name": "deploy",
				"start": 291.435914271,
				"end": 330.53683351200016
			}
		]
	},
	"nova": {
		"deploy": [
			{
				"name": "deploy",
				"start": 178.35851803399964,
				"end": 284.41365906600004
			}
		]
	},
	"openvswitch": {
		"deploy": [
			{
				"name": "deploy",
				"start": 284.4146038589988,
				"end": 291.43570258900036
			}
		]
	},
	"rabbitmq": {
		"deploy": [
			{
				"name": "deploy",
				"start": 101.47530791699864,
				"end": 107.50368185299885
			}
		]
	}
}