{
	"common": {
		"deploy": [
			{
				"name": "deploy",
				"start": 4.196259735999774,
				"end": 19.864536877998034
			}
		]
	},
	"facts": {
		"deploy": [
			{
				"name": "deploy",
				"start": 0.006118544999480946,
				"end": 4.195298367998475
			}
		]
	},
	"glance": {
		"deploy": [
			{
				"name": "deploy",
				"start": 137.91308448899872,
				"end": 181.07041599399963
			}
		]
	},
	"haproxy": {
		"deploy": [
			{
				"name": "deploy",
				"start": 19.86495551799817,
				"end": 34.59730943699833
			}
		]
	},
	"keystone": {
		"deploy": [
			{
				"name": "deploy",
				"start": 107.23581545200068,
				"end": 137.91270949599857
			}
		]
	},
	"mariadb": {
		"deploy": [
			{
				"name": "deploy",
				"start": 37.98801972599904,
				"end": 101.22010400699946
			}
		]
	},
	"memcached": {
		"deploy": [
			{
				"name": "deploy",
				"start": 34.59771218899914,
				"end": 37.98777486600011
			}
		]
	},
	"neutron": {
		"deploy": [
			{
				"name": "deploy",
				"start": 292.1605167380003,
				"end": 330.9855626389981
			}
		]
	},
	"nova": {
		"deploy": [
			{
				"name": "deploy",
				"start": 181.07071597200047,
				"end": 285.0893079319976
			}
		]
	},
	"openvswitch": {
		"deploy": [
			{
				"name": "deploy",
				"start": 285.08973981799863,
				"end": 292.1602976670001
			}
		]
	},
	"rabbitmq": {
		"deploy": [
			{
				"name": "deploy",
				"start": 101.22052825299761,
				"end": 107.23558622099881
			}
		]
	}
}