{
	"common": {
		"deploy": [
			{
				"name": "deploy",
				"start": 4.18129291600053,
				"end": 52.4570914299984
			}
		]
	},
	"facts": {
		"deploy": [
			{
				"name": "deploy",
				"start": 0.005537152999750106,
				"end": 4.180854678998003
			}
		]
	},
	"glance": {
		"deploy": [
			{
				"name": "deploy",
				"start": 199.90890673800095,
				"end": 244.28299184099887
			}
		]
	},
	"haproxy": {
		"deploy": [
			{
				"name": "deploy",
				"start": 52.45756595399871,
				"end": 70.36600583299878
			}
		]
	},
	"keystone": {
		"deploy": [
			{
				"name": "deploy",
				"start": 153.7289627809987,
				"end": 199.90854294200108
			}
		]
	},
	"mariadb": {
		"deploy": [
			{
				"name": "deploy",
				"start": 74.7433201749991,
				"end": 145.10590647299978
			}
		]
	},
	"memcached": {
		"deploy": [
			{
				"name": "deploy",
				"start": 70.36643849900065,
				"end": 74.74307500899886
			}
		]
	},
	"neutron": {
		"deploy": [
			{
				"name": "deploy",
				"start": 415.4116798159994,
				"end": 480.11662087399964
			}
		]
	},
	"nova": {
		"deploy": [
			{
				"name": "deploy",
				"start": 244.28368315699845,
				"end": 405.6605658080007
			}
		]
	},
	"openvswitch": {
		"deploy": [
			{
				"name": "deploy",
				"start": 405.6614006029995,
				"end": 415.41130568099834
			}
		]
	},
	"rabbitmq": {
		"deploy": [
			{
				"name": "deploy",
				"start": 145.10629138999866,
				"end": 153.7286208559999
			}
		]
	}
}