{
	"common": {
		"deploy": [
			{
				"name": "deploy",
				"start": 4.163718480995158,
				"end": 56.924523821995535
			}
		]
	},
	"facts": {
		"deploy": [
			{
				"name": "deploy",
				"start": 0.005470935000630561,
				"end": 4.163330969997332
			}
		]
	},
	"glance": {
		"deploy": [
			{
				"name": "deploy",
				"start": 219.17392309899878,
				"end": 264.22942492799484
			}
		]
	},
	"haproxy": {
		"deploy": [
			{
				"name": "deploy",
				"start": 56.92490169599478,
				"end": 78.5546060639972
			}
		]
	},
	"keystone": {
		"deploy": [
			{
				"name": "deploy",
				"start": 167.54623969100066,
				"end": 219.17353814599483
			}
		]
	},
	"mariadb": {
		"deploy": [
			{
				"name": "deploy",
				"start": 84.67852208899421,
				"end": 157.02740366899525
			}
		]
	},
	"memcached": {
		"deploy": [
			{
				"name": "deploy",
				"start": 78.55498320399784,
				"end": 84.67822247299773
			}
		]
	},
	"neutron": {
		"deploy": [
			{
				"name": "deploy",
				"start": 454.141458950995,
				"end": 527.4486811179959
			}
		]
	},
	"nova": {
		"deploy": [
			{
				"name": "deploy",
				"start": 264.22976704999746,
				"end": 441.11293073900015
			}
		]
	},
	"openvswitch": {
		"deploy": [
			{
				"name": "deploy",
				"start": 441.1133258669943,
				"end": 454.1411310409967
			}
		]
	},
	"rabbitmq": {
		"deploy": [
			{
				"name": "deploy",
				"start": 157.02777897999476,
				"end": 167.54599685599533
			}
		]
	}
}