{
	"common": {
		"deploy": [
			{
				"name": "deploy",
				"start": 4.188464341998042,
				"end": 56.909773157996824
			}
		]
	},
	"facts": {
		"deploy": [
			{
				"name": "deploy",
				"start": 0.005537146997085074,
				"end": 4.188052333996893
			}
		]
	},
	"glance": {
		"deploy": [
			{
				"name": "deploy",
				"start": 218.81446692799727,
				"end": 267.2904999279999
			}
		]
	},
	"haproxy": {
		"deploy": [
			{
				"name": "deploy",
				"start": 56.91008402999796,
				"end": 78.21688532699773
			}
		]
	},
	"keystone": {
		"deploy": [
			{
				"name": "deploy",
				"start": 166.84162067799843,
				"end": 218.81418734199906
			}
		]
	},
	"mariadb": {
		"deploy": [
			{
				"name": "deploy",
				"start": 84.23968340099964,
				"end": 156.427943546998
			}
		]
	},
	"memcached": {
		"deploy": [
			{
				"name": "deploy",
				"start": 78.21721711299688,
				"end": 84.23948202899919
			}
		]
	},
	"neutron": {
		"deploy": [
			{
				"name": "deploy",
				"start": 455.14259732699793,
				"end": 529.0155433869986
			}
		]
	},
	"nova": {
		"deploy": [
			{
				"name": "deploy",
				"start": 267.2908537419971,
				"end": 442.0249192980009
			}
		]
	},
	"openvswitch": {
		"deploy": [
			{
				"name": "deploy",
				"start": 442.0252404210005,
				"end": 455.14233379399593
			}
		]
	},
	"rabbitmq": {
		"deploy": [
			{
				"name": "deploy",
				"start": 156.42839339199782,
				"end": 166.8413509699967
			}
		]
	}
}