{
	"common": {
		"deploy": [
			{
				"name": "deploy",
				"start": 4.171355367001524,
				"end": 56.74574781800038
			}
		]
	},
	"facts": {
		"deploy": [
			{
				"name": "deploy",
				"start": 0.005423787002655445,
				"end": 4.1709252079999715
			}
		]
	},
	"glance": {
		"deploy": [
			{
				"name": "deploy",
				"start": 215.66095207200124,
				"end": 267.22785430899967
			}
		]
	},
	"haproxy": {
		"deploy": [
			{
				"name": "deploy",
				"start": 56.74624508399938,
				"end": 78.6094912510016
			}
		]
	},
	"keystone": {
		"deploy": [
			{
				"name": "deploy",
				"start": 167.50470706300257,
				"end": 215.66059708600005
			}
		]
	},
	"mariadb": {
		"deploy": [
			{
				"name": "deploy",
				"start": 84.9576053990022,
				"end": 157.09843957799967
			}
		]
	},
	"memcached": {
		"deploy": [
			{
				"name": "deploy",
				"start": 78.6098824239998,
				"end": 84.95736408800076
			}
		]
	},
	"neutron": {
		"deploy": [
			{
				"name": "deploy",
				"start": 454.39579169900026,
				"end": 527.9422375670001
			}
		]
	},
	"nova": {
		"deploy": [
			{
				"name": "deploy",
				"start": 267.2283261529992,
				"end": 441.2867500350003
			}
		]
	},
	"openvswitch": {
		"deploy": [
			{
				"name": "deploy",
				"start": 441.2871713170025,
				"end": 454.3955341610017
			}
		]
	},
	"rabbitmq": {
		"deploy": [
			{
				"name": "deploy",
				"start": 157.0988077610018,
				"end": 167.50448121900263
			}
		]
	}
}