{
	"facts": {
		"?": [
			{
				"name": "deploy",
				"start": 0,
				"end": 3.719260783000209
			}
		]
	},
	"common": {
		"?": [
			{
				"name": "deploy",
				"start": 3.719260783000209,
				"end": 64.50541417759959
			}
		]
	},
	"haproxy": {
		"?": [
			{
				"name": "deploy",
				"start": 64.50541417759959,
				"end": 88.16646985620099
			}
		]
	},
	"memcached": {
		"?": [
			{
				"name": "deploy",
				"start": 88.16646985620099,
				"end": 95.02575690260127
			}
		]
	},
	"mariadb": {
		"?": [
			{
				"name": "deploy",
				"start": 95.02575690260127,
				"end": 171.87439137180044
			}
		]
	},
	"rabbitmq": {
		"?": [
			{
				"name": "deploy",
				"start": 171.87439137180044,
				"end": 184.0715668270008
			}
		]
	},
	"keystone": {
		"?": [
			{
				"name": "deploy",
				"start": 184.0715668270008,
				"end": 254.5009063700003
			}
		]
	},
	"openvswitch": {
		"?": [
			{
				"name": "deploy",
				"start": 595.9940096586004,
				"end": 611.6696871906001
			}
		]
	},
	"glance": {
		"?": [
			{
				"name": "deploy",
				"start": 254.5009063700003,
				"end": 312.5242634302005
			}
		]
	},
	"neutron": {
		"?": [
			{
				"name": "deploy",
				"start": 611.6696871906001,
				"end": 770.271415283202
			}
		]
	},
	"nova": {
		"?": [
			{
				"name": "deploy",
				"start": 312.5242634302005,
				"end": 595.9940096586004
			}
		]
	}
}