{
	"facts": {
		"?": [
			{
				"name": "deploy",
				"start": 0,
				"end": 3.715793361199758
			}
		]
	},
	"common": {
		"?": [
			{
				"name": "deploy",
				"start": 3.715793361199758,
				"end": 20.43102327140041
			}
		]
	},
	"haproxy": {
		"?": [
			{
				"name": "deploy",
				"start": 20.43102327140041,
				"end": 35.93407408380044
			}
		]
	},
	"memcached": {
		"?": [
			{
				"name": "deploy",
				"start": 35.93407408380044,
				"end": 39.59880532440002
			}
		]
	},
	"mariadb": {
		"?": [
			{
				"name": "deploy",
				"start": 39.59880532440002,
				"end": 106.03628101260001
			}
		]
	},
	"rabbitmq": {
		"?": [
			{
				"name": "deploy",
				"start": 106.03628101260001,
				"end": 112.94849428060006
			}
		]
	},
	"keystone": {
		"?": [
			{
				"name": "deploy",
				"start": 112.94849428060006,
				"end": 162.18674772339983
			}
		]
	},
	"openvswitch": {
		"?": [
			{
				"name": "deploy",
				"start": 411.99712019439977,
				"end": 419.9010693921988
			}
		]
	},
	"glance": {
		"?": [
			{
				"name": "deploy",
				"start": 162.18674772339983,
				"end": 212.04206084220024
			}
		]
	},
	"neutron": {
		"?": [
			{
				"name": "deploy",
				"start": 419.9010693921988,
				"end": 538.6167494911981
			}
		]
	},
	"nova": {
		"?": [
			{
				"name": "deploy",
				"start": 212.04206084220024,
				"end": 411.99712019439977
			}
		]
	}
}