{
	"facts": {
		"?": [
			{
				"name": "deploy",
				"start": 0,
				"end": 3.944845775199883
			}
		]
	},
	"common": {
		"?": [
			{
				"name": "deploy",
				"start": 3.944845775199883,
				"end": 47.896410489200115
			}
		]
	},
	"haproxy": {
		"?": [
			{
				"name": "deploy",
				"start": 47.896410489200115,
				"end": 71.65218058340005
			}
		]
	},
	"memcached": {
		"?": [
			{
				"name": "deploy",
				"start": 71.65218058340005,
				"end": 78.52902193420005
			}
		]
	},
	"mariadb": {
		"?": [
			{
				"name": "deploy",
				"start": 78.52902193420005,
				"end": 155.3580168478
			}
		]
	},
	"rabbitmq": {
		"?": [
			{
				"name": "deploy",
				"start": 155.3580168478,
				"end": 168.4097038541998
			}
		]
	},
	"keystone": {
		"?": [
			{
				"name": "deploy",
				"start": 168.4097038541998,
				"end": 236.9678214556002
			}
		]
	},
	"openvswitch": {
		"?": [
			{
				"name": "deploy",
				"start": 579.6310312852011,
				"end": 595.0689991616014
			}
		]
	},
	"glance": {
		"?": [
			{
				"name": "deploy",
				"start": 236.9678214556002,
				"end": 297.5180492650005
			}
		]
	},
	"neutron": {
		"?": [
			{
				"name": "deploy",
				"start": 595.0689991616014,
				"end": 753.5999053208017
			}
		]
	},
	"nova": {
		"?": [
			{
				"name": "deploy",
				"start": 297.5180492650005,
				"end": 579.6310312852011
			}
		]
	}
}