{
	"1": {
		"1": {
			"runs": [
				9.434093361999999,
				5.439005105999996,
				5.423477028000008,
				5.4194437520000065,
				5.425258606,
				5.422901351000007,
				5.439912504999995,
				5.422559052999986,
				5.420844415999994,
				5.41931563
			],
			"average": 5.826681080899999,
			"std": 1.2675376130822906
		},
		"5": {
			"runs": [
				5.68119792600001,
				5.614274251999973,
				5.606661392999968,
				5.634982374000003,
				5.571483969000042,
				5.598445627999979,
				5.593556383999953,
				5.556215895000037,
				5.598361232000002,
				5.626298818000009
			],
			"average": 5.608147787099997,
			"std": 0.03475245040254705
		},
		"10": {
			"runs": [
				5.921854123999992,
				5.903301091999992,
				5.868877010999995,
				5.814422494000041,
				5.796678348,
				5.927539744000001,
				5.892515606000018,
				5.862618354000006,
				5.832791941999972,
				5.811638352000045
			],
			"average": 5.863223706700007,
			"std": 0.04768834147416454
		},
		"15": {
			"runs": [
				6.102686204999998,
				6.222328233999974,
				6.1006363590000205,
				6.163620291000029,
				5.9079213409999625,
				6.136073569000018,
				6.272772862000011,
				6.073075807000009,
				6.222294064999971,
				6.188401272000021
			],
			"average": 6.138981000500001,
			"std": 0.10293778367549922
		},
		"20": {
			"runs": [
				6.411481339000034,
				6.7086640999999645,
				6.5062451289999785,
				6.181545131999997,
				6.6625300450000395,
				6.377917510000088,
				6.355311031999918,
				6.302493589999926,
				6.633047769999962,
				6.454599455999983
			],
			"average": 6.459383510299989,
			"std": 0.16910171825444023
		},
		"40": {
			"runs": [
				7.6780694269999685,
				7.619012511000051,
				7.78472355100007,
				7.626715683000043,
				7.739835427000003,
				8.472326373999977,
				7.7129456999999775,
				7.737548069000013,
				7.758109421999961,
				7.550885429999994
			],
			"average": 7.768017159400006,
			"std": 0.25789520969575996
		}
	},
	"5": {
		"1": {
			"runs": [
				5.591090455999961,
				5.650096922999978,
				5.723722615000042,
				5.663495283999964,
				5.609531559999937,
				5.712751535999928,
				5.649284844000022,
				5.6515102609999985,
				5.696811536000041,
				5.711232883999969
			],
			"average": 5.665952789899984,
			"std": 0.04479782186363346
		},
		"5": {
			"runs": [
				7.029446688999997,
				7.3076559539999835,
				6.8098414339999636,
				6.856446511000058,
				6.922238051000022,
				6.747517334000008,
				6.7986587480000935,
				7.042963071999907,
				6.911077624999962,
				6.880141938999941
			],
			"average": 6.930598735699993,
			"std": 0.16281329092115654
		},
		"10": {
			"runs": [
				8.443387912000048,
				8.20834371300009,
				8.316260180000086,
				8.40638199600005,
				9.158772273999944,
				8.207037490000062,
				7.798534217999986,
				8.272665649000032,
				9.212895000000003,
				8.177970716000004
			],
			"average": 8.42022491480003,
			"std": 0.4400274689267506
		},
		"15": {
			"runs": [
				9.74041408000005,
				9.846288767000033,
				9.889865598000029,
				10.193449213999997,
				9.936653695000018,
				11.316898690000016,
				10.000976180000066,
				10.079713621999872,
				9.966786544000115,
				9.68259769600013
			],
			"average": 10.065364408600033,
			"std": 0.4647910645992696
		},
		"20": {
			"runs": [
				11.920871236999801,
				11.378778195999985,
				11.726274843000056,
				11.841854886999954,
				11.385744362999958,
				12.101345678999905,
				12.876547562000042,
				11.662015014999952,
				11.746817296000017,
				11.464661430999968
			],
			"average": 11.810491050899964,
			"std": 0.44143907207439664
		},
		"40": {
			"runs": [
				20.57882686799985,
				20.261905104000107,
				21.23464564300002,
				20.507182761000195,
				21.01579407899999,
				20.112701129000015,
				24.74646947700012,
				25.434722254999997,
				23.318903832999922,
				21.780417240999896
			],
			"average": 21.89915683900001,
			"std": 1.9267698328058458
		}
	},
	"10": {
		"1": {
			"runs": [
				5.7424017399998775,
				5.743590509000114,
				5.951931607999995,
				5.681888769999887,
				6.04238202800002,
				5.905301273000077,
				6.01655975299991,
				5.883230690000119,
				5.9284183269999176,
				6.115563497999801
			],
			"average": 5.9011268195999715,
			"std": 0.14181411852488252
		},
		"5": {
			"runs": [
				8.703425797999898,
				8.669860971999924,
				8.784942451000006,
				9.171575940999901,
				8.97558481200008,
				8.918644149999864,
				8.94082341599983,
				8.535168096000007,
				9.17910790499991,
				8.873150291000002
			],
			"average": 8.875228383199943,
			"std": 0.20867637291990318
		},
		"10": {
			"runs": [
				12.712632468000038,
				12.210193272999959,
				12.246017735000123,
				12.064981259999968,
				12.463769672000126,
				12.663171624000142,
				12.41006288099993,
				12.181824161999884,
				12.193625622999889,
				12.525190506999934
			],
			"average": 12.3671469205,
			"std": 0.2206584536622814
		},
		"15": {
			"runs": [
				15.538720117000139,
				16.27642644499997,
				16.4148208659999,
				16.055092461999948,
				15.721631359999947,
				16.320230609999953,
				15.878821455000207,
				16.02464517599992,
				15.80058451800005,
				16.360005121999848
			],
			"average": 16.03909781309999,
			"std": 0.3006870725547568
		},
		"20": {
			"runs": [
				21.466169218000005,
				21.034666758999947,
				21.089192872000012,
				21.621875091999982,
				21.496910879000097,
				20.995865505999973,
				20.554757965000135,
				22.009496662999936,
				21.276392864000172,
				21.243038443000387
			],
			"average": 21.278836626100066,
			"std": 0.39936381074593064
		},
		"40": {
			"runs": [
				38.25573649299986,
				42.45486952900001,
				42.939655738000056,
				43.67431843900022,
				43.465142103999824,
				44.732129988,
				44.82239425500029,
				43.43564809600002,
				43.96311599899991,
				44.06683702300006
			],
			"average": 43.18098476640002,
			"std": 1.877624699286345
		}
	},
	"20": {
		"1": {
			"runs": [
				7.265933585999846,
				7.070818641999722,
				6.563713483000356,
				6.710834928999702,
				6.5645812249999835,
				7.082303164999757,
				6.558449727000152,
				6.9231104909999885,
				6.550350432999949,
				7.119239175000075
			],
			"average": 6.840933485599953,
			"std": 0.2809352298061156
		},
		"5": {
			"runs": [
				11.946050971999739,
				12.055312633000085,
				12.108526025000174,
				12.322414786999616,
				11.886888878999798,
				11.76717913199991,
				12.234303398000065,
				12.066233504999673,
				12.506934159999673,
				12.524005608000152
			],
			"average": 12.141784909899888,
			"std": 0.2535346421160158
		},
		"10": {
			"runs": [
				20.882326275000196,
				20.424573564000184,
				20.795345603999976,
				21.09686754800032,
				20.79845917199964,
				20.96454342800007,
				21.258239761999903,
				21.23143074499967,
				21.193577891000132,
				20.93114048999996
			],
			"average": 20.957650447900004,
			"std": 0.25443454890517897
		},
		"15": {
			"runs": [
				34.084744289000355,
				33.559605667999676,
				33.33701704299983,
				33.75142427799983,
				34.12083803999985,
				37.06714776100034,
				34.264188893999744,
				34.52979933500001,
				34.325977946999956,
				35.38613822100024
			],
			"average": 34.44268814759998,
			"std": 1.0823255932999816
		},
		"20": {
			"runs": [
				44.046942857999966,
				43.584559335999984,
				44.31696616999989,
				43.49660676500025,
				42.73265596900001,
				43.63208340199981,
				43.23646073400005,
				43.13977661800027,
				44.38411766399986,
				43.37745743300002
			],
			"average": 43.59476269490001,
			"std": 0.525579021009173
		},
		"40": {
			"runs": [
				77.93744714500008,
				71.89458041300031,
				71.87757854600022,
				72.55797072099995,
				71.93256917599956,
				72.96378762600034,
				73.58488943900011,
				71.09923332699964,
				72.72722713799976,
				72.89885132200016
			],
			"average": 72.94741348530002,
			"std": 1.891744308304021
		}
	}
}