{
	"1": {
		"1": {
			"runs": [
				9.380823357999986,
				5.403441350999998,
				5.402764766000018,
				5.4244496309999874,
				5.396499041999988,
				5.424107047999996,
				5.413147457999997,
				5.411362389999994,
				5.396510216999985,
				5.40928781400001
			],
			"average": 5.806239307499996,
			"std": 1.256019370754915
		}
	},
	"10": {
		"1": {
			"runs": [
				5.697504659999993,
				5.675635116999985,
				5.618908497000007,
				5.670465401999991,
				5.676699926999987,
				5.707767956999987,
				5.704263636999997,
				5.74080737099996,
				5.726896425999996,
				5.642537035000032
			],
			"average": 5.686148602899993,
			"std": 0.03718041798108833
		}
	},
	"20": {
		"1": {
			"runs": [
				6.344603955000025,
				6.310567956,
				6.370043183000007,
				6.267252659999997,
				6.385684483999967,
				6.421835090000002,
				6.328154168000026,
				6.352025758999957,
				6.34740314000004,
				6.167494263000037
			],
			"average": 6.329506465800006,
			"std": 0.07060303720737392
		}
	},
	"30": {
		"1": {
			"runs": [
				7.111517001000038,
				7.08648609100004,
				6.707699551000019,
				7.130744697999944,
				7.162167243999988,
				7.007265566000001,
				7.062114004000023,
				6.733775772000001,
				6.970281569000008,
				6.955432665000046
			],
			"average": 6.992748416100011,
			"std": 0.15842196969264388
		}
	},
	"40": {
		"1": {
			"runs": [
				7.717681488999972,
				7.5200673749999964,
				8.005498149000005,
				7.664658675999988,
				7.4537005669999985,
				7.64497505199995,
				7.74785835299997,
				7.650922547999926,
				7.6265815839999505,
				7.659431922000067
			],
			"average": 7.6691375714999825,
			"std": 0.14650287236234139
		}
	}
}