{
	"1": {
		"runs": [
			5.016270526999989,
			5.015604366999995,
			5.015667082999997,
			5.015651894000001,
			5.0154926719999935,
			5.015658611000006,
			5.015615439000001,
			5.012447334000001,
			5.015609060000003,
			5.015468943000002
		],
		"average": 5.015348592999999,
		"std": 0.0010433129757363806
	},
	"10": {
		"runs": [
			50.10860144499998,
			50.10861833000001,
			50.10830580800001,
			50.10854990199999,
			50.10824839200001,
			50.10822309700001,
			50.10833724399998,
			50.10831073800006,
			50.10819384199999,
			50.10805019299994
		],
		"average": 50.1083438991,
		"std": 0.00018831694473631091
	},
	"20": {
		"runs": [
			100.21198819000006,
			100.211872492,
			100.21182183400003,
			100.21198899499996,
			100.21183738299987,
			100.21220318299993,
			100.21299611400013,
			100.21209664499997,
			100.21177469000008,
			100.21149091200004
		],
		"average": 100.21200704380001,
		"std": 0.00039819202706752683
	},
	"30": {
		"runs": [
			150.31621659300004,
			150.315684809,
			150.31597158499994,
			150.31599855199966,
			150.31586737800035,
			150.31442069700006,
			150.316229689,
			150.31613802500033,
			150.31585282200012,
			150.31590491299994
		],
		"average": 150.31582850630005,
		"std": 0.0005235842191530123
	},
	"40": {
		"runs": [
			200.4161049710001,
			200.4205380860003,
			200.41640775099995,
			200.42007480199982,
			200.4205322580001,
			200.42084421500022,
			200.42037399000037,
			200.41894275699997,
			200.42060211700027,
			200.42064751099952
		],
		"average": 200.41950684580007,
		"std": 0.001794252218905555
	}
}