{
	"1": {
		"runs": [
			1.0108661910016963,
			1.0115042559991707,
			1.0111835000025167,
			1.0115726999974868,
			1.0111470960000588,
			1.0114638890008791,
			1.0113197290011158,
			1.0115105590011808,
			1.0110214499982249,
			1.010896720999881
		],
		"average": 1.011248609100221,
		"std": 0.0002638656375558864
	},
	"5": {
		"runs": [
			5.036826381001447,
			5.035319820999575,
			5.035342764000234,
			5.035812379999697,
			5.035273714998766,
			5.036452928998187,
			5.035498088000168,
			5.034535153998149,
			5.035298906997923,
			5.034896982000646
		],
		"average": 5.03552571209948,
		"std": 0.0006832701986980743
	},
	"10": {
		"runs": [
			10.066182699996716,
			10.066689987001155,
			10.07189086499784,
			10.065932593999605,
			10.064856388002227,
			10.067062080001051,
			10.066213624002557,
			10.068682144999912,
			10.067930804001662,
			10.067493782000383
		],
		"average": 10.06729349690031,
		"std": 0.001947070196009622
	},
	"25": {
		"runs": [
			25.15732447999835,
			25.157616796001093,
			25.159196894997876,
			25.16172271299729,
			25.157850885996595,
			25.156932210000377,
			25.15769385999738,
			25.161982994999562,
			25.161123947000306,
			25.15883275899978
		],
		"average": 25.15902775409886,
		"std": 0.0019120800525359578
	},
	"100": {
		"runs": [
			100.64282156800255,
			100.64191828600087,
			100.6309960840008,
			100.63050036700224,
			100.63100452800063,
			100.63916408799923,
			100.64060515000165,
			100.64420659999814,
			100.64246497899876,
			100.64091698999982
		],
		"average": 100.63845986400047,
		"std": 0.005434768278550473
	}
}