{
	"1": {
		"runs": [
			5.0146243710041745,
			5.013628688000608,
			5.011681158997817,
			5.014816630995483,
			5.013262959997519,
			5.014188182001817,
			5.016172521005501,
			5.013507722993381,
			5.015032665003673,
			5.01314969600935
		],
		"average": 5.014006459600933,
		"std": 0.0012428212864944539
	},
	"5": {
		"runs": [
			25.052259806005168,
			25.052708526010974,
			25.04480180000246,
			25.05126379399735,
			25.050716134996037,
			25.045061345997965,
			25.04957581400231,
			25.050811690001865,
			25.05134936599643,
			25.049098623989266
		],
		"average": 25.049764690099984,
		"std": 0.0027665217177690435
	},
	"10": {
		"runs": [
			50.094075007000356,
			50.092781439991086,
			50.09425961499801,
			50.090341574992635,
			50.091317402999266,
			50.096572713999194,
			50.08933768499992,
			50.09111018499243,
			50.09607907499594,
			50.091043109001475
		],
		"average": 50.09269178079703,
		"std": 0.002467494598459155
	},
	"25": {
		"runs": [
			125.22159958099655,
			125.22639725000772,
			125.22714991100656,
			125.232503842999,
			125.22331623200444,
			125.22671849600738,
			125.21852143699653,
			125.22181897198607,
			125.23368001899507,
			125.23783930799982
		],
		"average": 125.22695450489991,
		"std": 0.006094748383373423
	},
	"100": {
		"runs": [
			500.9366212809982,
			500.89699226399534,
			500.9127111340058,
			500.9002940190112,
			500.91200689000834,
			500.91262742099934,
			500.90858923998894,
			500.91336365099414,
			500.9096149359975,
			500.936226499005
		],
		"average": 500.9139047335004,
		"std": 0.013077519048574906
	}
}