{
	"facts": {
		"?": [
			{
				"name": "deploy",
				"start": 0,
				"end": 5.272346740000103
			}
		]
	},
	"common": {
		"?": [
			{
				"name": "deploy",
				"start": 5.272346740000103,
				"end": 54.2547687010001
			}
		]
	},
	"haproxy": {
		"?": [
			{
				"name": "deploy",
				"start": 54.2547687010001,
				"end": 72.2994258180006
			}
		]
	},
	"memcached": {
		"?": [
			{
				"name": "deploy",
				"start": 72.2994258180006,
				"end": 77.27134129100159
			}
		]
	},
	"mariadb": {
		"?": [
			{
				"name": "deploy",
				"start": 77.27134129100159,
				"end": 147.72437753500162
			}
		]
	},
	"rabbitmq": {
		"?": [
			{
				"name": "deploy",
				"start": 147.72437753500162,
				"end": 157.14448319500116
			}
		]
	},
	"keystone": {
		"?": [
			{
				"name": "deploy",
				"start": 157.14448319500116,
				"end": 207.23545771500176
			}
		]
	},
	"openvswitch": {
		"?": [
			{
				"name": "deploy",
				"start": 418.15679350900155,
				"end": 429.0862482870016
			}
		]
	},
	"glance": {
		"?": [
			{
				"name": "deploy",
				"start": 207.23545771500176,
				"end": 254.64051118300176
			}
		]
	},
	"neutron": {
		"?": [
			{
				"name": "deploy",
				"start": 429.0862482870016,
				"end": 494.8099253660016
			}
		]
	},
	"nova": {
		"?": [
			{
				"name": "deploy",
				"start": 254.64051118300176,
				"end": 418.15679350900155
			}
		]
	}
}