{
	"facts": {
		"?": [
			{
				"name": "deploy",
				"start": 0,
				"end": 4.157711697000195
			}
		]
	},
	"common": {
		"?": [
			{
				"name": "deploy",
				"start": 4.157711697000195,
				"end": 19.7091163719997
			}
		]
	},
	"haproxy": {
		"?": [
			{
				"name": "deploy",
				"start": 19.7091163719997,
				"end": 34.39001197200014
			}
		]
	},
	"memcached": {
		"?": [
			{
				"name": "deploy",
				"start": 34.39001197200014,
				"end": 37.73388360300123
			}
		]
	},
	"mariadb": {
		"?": [
			{
				"name": "deploy",
				"start": 37.73388360300123,
				"end": 100.90291201200125
			}
		]
	},
	"rabbitmq": {
		"?": [
			{
				"name": "deploy",
				"start": 100.90291201200125,
				"end": 106.89703047100011
			}
		]
	},
	"keystone": {
		"?": [
			{
				"name": "deploy",
				"start": 106.89703047100011,
				"end": 137.573924514998
			}
		]
	},
	"openvswitch": {
		"?": [
			{
				"name": "deploy",
				"start": 277.2573743449975,
				"end": 284.2108923579981
			}
		]
	},
	"glance": {
		"?": [
			{
				"name": "deploy",
				"start": 137.573924514998,
				"end": 174.74673064299714
			}
		]
	},
	"neutron": {
		"?": [
			{
				"name": "deploy",
				"start": 284.2108923579981,
				"end": 322.96534412399706
			}
		]
	},
	"nova": {
		"?": [
			{
				"name": "deploy",
				"start": 174.74673064299714,
				"end": 277.2573743449975
			}
		]
	}
}