{
	"facts": {
		"?": [
			{
				"name": "deploy",
				"start": 0,
				"end": 4.1422612939995815
			}
		]
	},
	"common": {
		"?": [
			{
				"name": "deploy",
				"start": 4.1422612939995815,
				"end": 51.98771947400019
			}
		]
	},
	"haproxy": {
		"?": [
			{
				"name": "deploy",
				"start": 51.98771947400019,
				"end": 69.69654571000046
			}
		]
	},
	"memcached": {
		"?": [
			{
				"name": "deploy",
				"start": 69.69654571000046,
				"end": 73.91753302400048
			}
		]
	},
	"mariadb": {
		"?": [
			{
				"name": "deploy",
				"start": 73.91753302400048,
				"end": 144.1611614440003
			}
		]
	},
	"rabbitmq": {
		"?": [
			{
				"name": "deploy",
				"start": 144.1611614440003,
				"end": 152.67349361300012
			}
		]
	},
	"keystone": {
		"?": [
			{
				"name": "deploy",
				"start": 152.67349361300012,
				"end": 198.3993723829999
			}
		]
	},
	"openvswitch": {
		"?": [
			{
				"name": "deploy",
				"start": 396.5679727510005,
				"end": 406.0515332870009
			}
		]
	},
	"glance": {
		"?": [
			{
				"name": "deploy",
				"start": 198.3993723829999,
				"end": 239.16876867799965
			}
		]
	},
	"neutron": {
		"?": [
			{
				"name": "deploy",
				"start": 406.0515332870009,
				"end": 469.7958607300011
			}
		]
	},
	"nova": {
		"?": [
			{
				"name": "deploy",
				"start": 239.16876867799965,
				"end": 396.5679727510005
			}
		]
	}
}