{
	"facts": {
		"?": [
			{
				"name": "deploy",
				"start": 0,
				"end": 4.456177269600085
			}
		]
	},
	"common": {
		"?": [
			{
				"name": "deploy",
				"start": 4.456177269600085,
				"end": 20.192543753900466
			}
		]
	},
	"haproxy": {
		"?": [
			{
				"name": "deploy",
				"start": 20.192543753900466,
				"end": 34.928001844300525
			}
		]
	},
	"memcached": {
		"?": [
			{
				"name": "deploy",
				"start": 34.928001844300525,
				"end": 38.316364729400995
			}
		]
	},
	"mariadb": {
		"?": [
			{
				"name": "deploy",
				"start": 38.316364729400995,
				"end": 101.85574641690147
			}
		]
	},
	"rabbitmq": {
		"?": [
			{
				"name": "deploy",
				"start": 101.85574641690147,
				"end": 107.9067280146017
			}
		]
	},
	"keystone": {
		"?": [
			{
				"name": "deploy",
				"start": 107.9067280146017,
				"end": 140.91462892450164
			}
		]
	},
	"openvswitch": {
		"?": [
			{
				"name": "deploy",
				"start": 285.5432875176017,
				"end": 292.6145080824012
			}
		]
	},
	"glance": {
		"?": [
			{
				"name": "deploy",
				"start": 140.91462892450164,
				"end": 181.9662055755016
			}
		]
	},
	"neutron": {
		"?": [
			{
				"name": "deploy",
				"start": 292.6145080824012,
				"end": 331.5837229836007
			}
		]
	},
	"nova": {
		"?": [
			{
				"name": "deploy",
				"start": 181.9662055755016,
				"end": 285.5432875176017
			}
		]
	}
}