{
	"facts": {
		"?": [
			{
				"name": "deploy",
				"start": 0,
				"end": 4.717771000000175
			}
		]
	},
	"common": {
		"?": [
			{
				"name": "deploy",
				"start": 4.717771000000175,
				"end": 53.83457717160072
			}
		]
	},
	"haproxy": {
		"?": [
			{
				"name": "deploy",
				"start": 53.83457717160072,
				"end": 71.79328276240085
			}
		]
	},
	"memcached": {
		"?": [
			{
				"name": "deploy",
				"start": 71.79328276240085,
				"end": 76.16708642720077
			}
		]
	},
	"mariadb": {
		"?": [
			{
				"name": "deploy",
				"start": 76.16708642720077,
				"end": 146.67983840320068
			}
		]
	},
	"rabbitmq": {
		"?": [
			{
				"name": "deploy",
				"start": 146.67983840320068,
				"end": 157.27816898660095
			}
		]
	},
	"keystone": {
		"?": [
			{
				"name": "deploy",
				"start": 157.27816898660095,
				"end": 206.76855856380115
			}
		]
	},
	"openvswitch": {
		"?": [
			{
				"name": "deploy",
				"start": 410.18970327440127,
				"end": 420.1463185150012
			}
		]
	},
	"glance": {
		"?": [
			{
				"name": "deploy",
				"start": 206.76855856380115,
				"end": 249.72310452480104
			}
		]
	},
	"neutron": {
		"?": [
			{
				"name": "deploy",
				"start": 420.1463185150012,
				"end": 484.9575452610015
			}
		]
	},
	"nova": {
		"?": [
			{
				"name": "deploy",
				"start": 249.72310452480104,
				"end": 410.18970327440127
			}
		]
	}
}