{
	"facts": {
		"?": [
			{
				"name": "deploy",
				"start": 0,
				"end": 4.739774241599298
			}
		]
	},
	"common": {
		"?": [
			{
				"name": "deploy",
				"start": 4.739774241599298,
				"end": 20.43209418019942
			}
		]
	},
	"haproxy": {
		"?": [
			{
				"name": "deploy",
				"start": 20.43209418019942,
				"end": 35.137893537999844
			}
		]
	},
	"memcached": {
		"?": [
			{
				"name": "deploy",
				"start": 35.137893537999844,
				"end": 38.51910288399995
			}
		]
	},
	"mariadb": {
		"?": [
			{
				"name": "deploy",
				"start": 38.51910288399995,
				"end": 101.73862211740015
			}
		]
	},
	"rabbitmq": {
		"?": [
			{
				"name": "deploy",
				"start": 101.73862211740015,
				"end": 107.81089165520025
			}
		]
	},
	"keystone": {
		"?": [
			{
				"name": "deploy",
				"start": 107.81089165520025,
				"end": 142.6986182302
			}
		]
	},
	"openvswitch": {
		"?": [
			{
				"name": "deploy",
				"start": 287.2343410478006,
				"end": 294.3751223494008
			}
		]
	},
	"glance": {
		"?": [
			{
				"name": "deploy",
				"start": 142.6986182302,
				"end": 183.86814059280076
			}
		]
	},
	"neutron": {
		"?": [
			{
				"name": "deploy",
				"start": 294.3751223494008,
				"end": 333.25282549020085
			}
		]
	},
	"nova": {
		"?": [
			{
				"name": "deploy",
				"start": 183.86814059280076,
				"end": 287.2343410478006
			}
		]
	}
}