{
	"facts": {
		"?": [
			{
				"name": "deploy",
				"start": 0,
				"end": 5.156725386001199
			}
		]
	},
	"common": {
		"?": [
			{
				"name": "deploy",
				"start": 5.156725386001199,
				"end": 21.03740483800175
			}
		]
	},
	"haproxy": {
		"?": [
			{
				"name": "deploy",
				"start": 21.03740483800175,
				"end": 35.87988146099997
			}
		]
	},
	"memcached": {
		"?": [
			{
				"name": "deploy",
				"start": 35.87988146099997,
				"end": 39.31095700500191
			}
		]
	},
	"mariadb": {
		"?": [
			{
				"name": "deploy",
				"start": 39.31095700500191,
				"end": 105.56718445700062
			}
		]
	},
	"rabbitmq": {
		"?": [
			{
				"name": "deploy",
				"start": 105.56718445700062,
				"end": 111.68150465500185
			}
		]
	},
	"keystone": {
		"?": [
			{
				"name": "deploy",
				"start": 111.68150465500185,
				"end": 145.92994666600134
			}
		]
	},
	"openvswitch": {
		"?": [
			{
				"name": "deploy",
				"start": 295.9938269610029,
				"end": 303.17374861200005
			}
		]
	},
	"glance": {
		"?": [
			{
				"name": "deploy",
				"start": 145.92994666600134,
				"end": 189.93868592900253
			}
		]
	},
	"neutron": {
		"?": [
			{
				"name": "deploy",
				"start": 303.17374861200005,
				"end": 342.48335530999975
			}
		]
	},
	"nova": {
		"?": [
			{
				"name": "deploy",
				"start": 189.93868592900253,
				"end": 295.9938269610029
			}
		]
	}
}