{
	"facts": {
		"?": [
			{
				"name": "deploy",
				"start": 0,
				"end": 4.2329074459994445
			}
		]
	},
	"common": {
		"?": [
			{
				"name": "deploy",
				"start": 4.2329074459994445,
				"end": 60.08793090299878
			}
		]
	},
	"haproxy": {
		"?": [
			{
				"name": "deploy",
				"start": 60.08793090299878,
				"end": 81.951177070001
			}
		]
	},
	"memcached": {
		"?": [
			{
				"name": "deploy",
				"start": 81.951177070001,
				"end": 88.29865873400195
			}
		]
	},
	"mariadb": {
		"?": [
			{
				"name": "deploy",
				"start": 88.29865873400195,
				"end": 160.85188887000186
			}
		]
	},
	"rabbitmq": {
		"?": [
			{
				"name": "deploy",
				"start": 160.85188887000186,
				"end": 171.48775323600057
			}
		]
	},
	"keystone": {
		"?": [
			{
				"name": "deploy",
				"start": 171.48775323600057,
				"end": 223.4603199000012
			}
		]
	},
	"openvswitch": {
		"?": [
			{
				"name": "deploy",
				"start": 457.25089002099776,
				"end": 470.5525316369967
			}
		]
	},
	"glance": {
		"?": [
			{
				"name": "deploy",
				"start": 223.4603199000012,
				"end": 275.0272221369996
			}
		]
	},
	"neutron": {
		"?": [
			{
				"name": "deploy",
				"start": 470.5525316369967,
				"end": 545.978034531996
			}
		]
	},
	"nova": {
		"?": [
			{
				"name": "deploy",
				"start": 275.0272221369996,
				"end": 457.25089002099776
			}
		]
	}
}