{
	"facts": {
		"?": [
			{
				"name": "deploy",
				"start": 0,
				"end": 4.350922420399002
			}
		]
	},
	"common": {
		"?": [
			{
				"name": "deploy",
				"start": 4.350922420399002,
				"end": 57.00398205979873
			}
		]
	},
	"haproxy": {
		"?": [
			{
				"name": "deploy",
				"start": 57.00398205979873,
				"end": 78.59864398259816
			}
		]
	},
	"memcached": {
		"?": [
			{
				"name": "deploy",
				"start": 78.59864398259816,
				"end": 84.80008208739892
			}
		]
	},
	"mariadb": {
		"?": [
			{
				"name": "deploy",
				"start": 84.80008208739892,
				"end": 157.16531152679892
			}
		]
	},
	"rabbitmq": {
		"?": [
			{
				"name": "deploy",
				"start": 157.16531152679892,
				"end": 167.81320650059862
			}
		]
	},
	"keystone": {
		"?": [
			{
				"name": "deploy",
				"start": 167.81320650059862,
				"end": 216.94948905019993
			}
		]
	},
	"openvswitch": {
		"?": [
			{
				"name": "deploy",
				"start": 444.08252723620103,
				"end": 457.3383843714008
			}
		]
	},
	"glance": {
		"?": [
			{
				"name": "deploy",
				"start": 216.94948905019993,
				"end": 267.3968778610004
			}
		]
	},
	"neutron": {
		"?": [
			{
				"name": "deploy",
				"start": 457.3383843714008,
				"end": 531.0854611854012
			}
		]
	},
	"nova": {
		"?": [
			{
				"name": "deploy",
				"start": 267.3968778610004,
				"end": 444.08252723620103
			}
		]
	}
}