{
	"facts": {
		"?": [
			{
				"name": "deploy",
				"start": 0,
				"end": 4.38514597829951
			}
		]
	},
	"common": {
		"?": [
			{
				"name": "deploy",
				"start": 4.38514597829951,
				"end": 52.65058694299949
			}
		]
	},
	"haproxy": {
		"?": [
			{
				"name": "deploy",
				"start": 52.65058694299949,
				"end": 70.4927000890996
			}
		]
	},
	"memcached": {
		"?": [
			{
				"name": "deploy",
				"start": 70.4927000890996,
				"end": 74.86107370809925
			}
		]
	},
	"mariadb": {
		"?": [
			{
				"name": "deploy",
				"start": 74.86107370809925,
				"end": 145.20694535319956
			}
		]
	},
	"rabbitmq": {
		"?": [
			{
				"name": "deploy",
				"start": 145.20694535319956,
				"end": 153.86951991429967
			}
		]
	},
	"keystone": {
		"?": [
			{
				"name": "deploy",
				"start": 153.86951991429967,
				"end": 202.2731763992998
			}
		]
	},
	"openvswitch": {
		"?": [
			{
				"name": "deploy",
				"start": 405.8000900663997,
				"end": 415.74881945889956
			}
		]
	},
	"glance": {
		"?": [
			{
				"name": "deploy",
				"start": 202.2731763992998,
				"end": 246.19425186849963
			}
		]
	},
	"neutron": {
		"?": [
			{
				"name": "deploy",
				"start": 415.74881945889956,
				"end": 480.11646764439934
			}
		]
	},
	"nova": {
		"?": [
			{
				"name": "deploy",
				"start": 246.19425186849963,
				"end": 405.8000900663997
			}
		]
	}
}