{
	"facts": {
		"?": [
			{
				"name": "deploy",
				"start": 0,
				"end": 4.126972379999643
			}
		]
	},
	"common": {
		"?": [
			{
				"name": "deploy",
				"start": 4.126972379999643,
				"end": 56.23253571399982
			}
		]
	},
	"haproxy": {
		"?": [
			{
				"name": "deploy",
				"start": 56.23253571399982,
				"end": 77.53933701099959
			}
		]
	},
	"memcached": {
		"?": [
			{
				"name": "deploy",
				"start": 77.53933701099959,
				"end": 83.5616019270019
			}
		]
	},
	"mariadb": {
		"?": [
			{
				"name": "deploy",
				"start": 83.5616019270019,
				"end": 155.6545668730032
			}
		]
	},
	"rabbitmq": {
		"?": [
			{
				"name": "deploy",
				"start": 155.6545668730032,
				"end": 166.00033631000406
			}
		]
	},
	"keystone": {
		"?": [
			{
				"name": "deploy",
				"start": 166.00033631000406,
				"end": 214.15622633300154
			}
		]
	},
	"openvswitch": {
		"?": [
			{
				"name": "deploy",
				"start": 432.33542058499734,
				"end": 445.36322575899976
			}
		]
	},
	"glance": {
		"?": [
			{
				"name": "deploy",
				"start": 214.15622633300154,
				"end": 259.2117281619976
			}
		]
	},
	"neutron": {
		"?": [
			{
				"name": "deploy",
				"start": 445.36322575899976,
				"end": 518.488957444999
			}
		]
	},
	"nova": {
		"?": [
			{
				"name": "deploy",
				"start": 259.2117281619976,
				"end": 432.33542058499734
			}
		]
	}
}