{
	"facts": {
		"?": [
			{
				"name": "deploy",
				"start": 0,
				"end": 4.175990521399217
			}
		]
	},
	"common": {
		"?": [
			{
				"name": "deploy",
				"start": 4.175990521399217,
				"end": 56.99515401519929
			}
		]
	},
	"haproxy": {
		"?": [
			{
				"name": "deploy",
				"start": 56.99515401519929,
				"end": 78.4881299996996
			}
		]
	},
	"memcached": {
		"?": [
			{
				"name": "deploy",
				"start": 78.4881299996996,
				"end": 84.61548532809975
			}
		]
	},
	"mariadb": {
		"?": [
			{
				"name": "deploy",
				"start": 84.61548532809975,
				"end": 156.89621937849915
			}
		]
	},
	"rabbitmq": {
		"?": [
			{
				"name": "deploy",
				"start": 156.89621937849915,
				"end": 167.35340605859892
			}
		]
	},
	"keystone": {
		"?": [
			{
				"name": "deploy",
				"start": 167.35340605859892,
				"end": 217.8966431417979
			}
		]
	},
	"openvswitch": {
		"?": [
			{
				"name": "deploy",
				"start": 441.661539483699,
				"end": 454.78914577909893
			}
		]
	},
	"glance": {
		"?": [
			{
				"name": "deploy",
				"start": 217.8966431417979,
				"end": 266.5189301788978
			}
		]
	},
	"neutron": {
		"?": [
			{
				"name": "deploy",
				"start": 454.78914577909893,
				"end": 528.4642578573985
			}
		]
	},
	"nova": {
		"?": [
			{
				"name": "deploy",
				"start": 266.5189301788978,
				"end": 441.661539483699
			}
		]
	}
}