{
	"1": {
		"1": {
			"runs": [
				5.0168817520000175,
				5.015858121999997,
				5.015858232999989,
				5.015867773999986,
				5.0158547050000095,
				5.015918782,
				5.015711490000001,
				5.015754023999989,
				5.015804831999986,
				5.015749108999984
			],
			"average": 5.015925882299996,
			"std": 0.00034201190274903517
		},
		"5": {
			"runs": [
				5.026560698999987,
				5.026392791999996,
				5.016350039000002,
				5.016275636000017,
				5.01641891700001,
				5.026418899999982,
				5.016185401000001,
				5.016201819000031,
				5.02631458999997,
				5.0162186719999795
			],
			"average": 5.020333746499998,
			"std": 0.005240505293494114
		},
		"10": {
			"runs": [
				5.026823694000029,
				5.026675114999989,
				5.017167157000017,
				5.016899653999985,
				5.017135959999962,
				5.026628236000022,
				5.016945243999999,
				5.02683714799997,
				5.017102002999991,
				5.0168823409999845
			],
			"average": 5.020909655199995,
			"std": 0.005020125362113085
		},
		"15": {
			"runs": [
				5.02743185099996,
				5.017568585999982,
				5.017921333000004,
				5.017598792000001,
				5.017726980999953,
				5.0176725410000245,
				5.017927126000018,
				5.026909879000016,
				5.017961027000013,
				5.017716637000035
			],
			"average": 5.0196434753000005,
			"std": 0.003971535019978204
		},
		"20": {
			"runs": [
				5.027607799999998,
				5.027499315,
				5.018265876999976,
				5.027791219999983,
				5.018202062,
				5.027789125999959,
				5.018155519000004,
				5.0185472199999595,
				5.018557070999975,
				5.018228065999949
			],
			"average": 5.02206432759998,
			"std": 0.0048287529165146025
		},
		"30": {
			"runs": [
				5.028339843000026,
				5.028183766000041,
				5.029001565000044,
				5.020072808999998,
				5.0291203409999525,
				5.0289144409999835,
				5.028199848999975,
				5.0284699019999834,
				5.028475485999934,
				5.049248831
			],
			"average": 5.029802683299994,
			"std": 0.007345346989914298
		},
		"40": {
			"runs": [
				5.030071935000024,
				5.029956836999986,
				5.040057900999955,
				5.030225590999976,
				5.030011383999977,
				5.029239938000046,
				5.028922053999963,
				5.029209904000027,
				5.0208795530001,
				5.0291392679999944
			],
			"average": 5.029771436500004,
			"std": 0.004558073971157323
		},
		"50": {
			"runs": [
				5.040381598000067,
				5.067944080000075,
				5.051830185000085,
				5.030717220999918,
				5.026342287000034,
				5.028281730000003,
				5.04863125199995,
				5.029448716999923,
				5.026670469999999,
				5.030045740999981
			],
			"average": 5.038029328100004,
			"std": 0.013963236302231067
		}
	},
	"5": {
		"1": {
			"runs": [
				5.026291363000041,
				5.026075519999949,
				5.026110711000001,
				5.0261133159999645,
				5.025984372999915,
				5.026024924000012,
				5.015917874000024,
				5.026049466999893,
				5.01593046000005,
				5.021041582000066
			],
			"average": 5.023553958999992,
			"std": 0.0043194476153706075
		},
		"5": {
			"runs": [
				5.026436810000064,
				5.017221668000047,
				5.026298969999971,
				5.026479827999992,
				5.026279468999974,
				5.017034869999975,
				5.017215437000004,
				5.026321826999947,
				5.0169592849999844,
				5.026431615000092
			],
			"average": 5.022667977900005,
			"std": 0.004786444037038992
		},
		"10": {
			"runs": [
				5.04490204199999,
				5.023942690000013,
				5.033733733999952,
				5.024505521999913,
				5.023243345000083,
				5.027229519999992,
				5.023017399999958,
				5.026965559000018,
				5.023332728000014,
				5.023391392000008
			],
			"average": 5.027426393199994,
			"std": 0.006960811697971423
		},
		"15": {
			"runs": [
				5.035566547999906,
				5.054868946999932,
				5.08834679000006,
				5.044155502000081,
				5.035218794999992,
				5.024751390000006,
				5.034111760999963,
				5.047485156999983,
				5.024021104000099,
				5.034430334000035
			],
			"average": 5.0422956328000055,
			"std": 0.01878281525735885
		},
		"20": {
			"runs": [
				5.06571365700006,
				5.070721434999996,
				5.0834667999999965,
				5.091935908999972,
				5.052450223000051,
				5.063558686999954,
				5.061577585000009,
				5.035859267999967,
				5.10361058799981,
				5.071160839999948
			],
			"average": 5.070005499199977,
			"std": 0.01943211181208509
		},
		"30": {
			"runs": [
				5.0811800710000625,
				5.068192167999996,
				5.058436824999944,
				5.073201960999995,
				5.066044916999999,
				5.0646237290000045,
				5.058404612999993,
				5.0736238029999186,
				5.072590033999859,
				5.073095627999919
			],
			"average": 5.068939374899969,
			"std": 0.007221846997553597
		},
		"40": {
			"runs": [
				5.087201841000024,
				5.087912655000082,
				5.087109461999944,
				5.098558311000033,
				5.080694083000026,
				5.087833107000051,
				5.072501491000139,
				5.060689368000112,
				5.069104963999962,
				5.0775688779999655
			],
			"average": 5.080917416000034,
			"std": 0.011138497227752312
		},
		"50": {
			"runs": [
				5.09937954399993,
				5.087107408000065,
				5.0970232239999405,
				5.098868816999811,
				5.09904398499998,
				5.118485940000028,
				5.1087446120000095,
				5.086445830000002,
				5.080029133000153,
				5.083236035000027
			],
			"average": 5.095836452799995,
			"std": 0.011954019168941864
		}
	},
	"10": {
		"1": {
			"runs": [
				5.0264874849999615,
				5.026039555000125,
				5.026093490999983,
				5.02608499400003,
				5.026029917999949,
				5.026025933000028,
				5.026017379999985,
				5.026035304999823,
				5.016134880999971,
				5.026081107999971
			],
			"average": 5.025103004999982,
			"std": 0.0031541760321622133
		},
		"5": {
			"runs": [
				5.028375125000139,
				5.022661635000077,
				5.03182423599992,
				5.022975855999903,
				5.026638719999937,
				5.032673305999879,
				5.032874023999966,
				5.036489018000111,
				5.036571026000047,
				5.032883969000068
			],
			"average": 5.0303966915000045,
			"std": 0.005032035271312783
		},
		"10": {
			"runs": [
				5.067918238999937,
				5.090725168000063,
				5.043770500000164,
				5.042479870999841,
				5.072829913000078,
				5.053325635999954,
				5.05038774500008,
				5.050917188000085,
				5.050114990000111,
				5.0709374370001115
			],
			"average": 5.059340668700043,
			"std": 0.015542509962898906
		},
		"15": {
			"runs": [
				5.0716375920001155,
				5.073774992999915,
				5.082819736000147,
				5.0656882470000255,
				5.052436150999938,
				5.0748023959999955,
				5.052430146000006,
				5.0707968179999625,
				5.05929563299992,
				5.062989804999916
			],
			"average": 5.066667151699994,
			"std": 0.009963283378939739
		},
		"20": {
			"runs": [
				5.09261228399987,
				5.071941530999993,
				5.087372388999938,
				5.096004005000168,
				5.0770719299998746,
				5.067033730000048,
				5.082397227000001,
				5.085275985999942,
				5.085358152000026,
				5.09137162900015
			],
			"average": 5.083643886300001,
			"std": 0.009249709115106386
		},
		"30": {
			"runs": [
				5.102737543999865,
				5.1244894209999075,
				5.1146602589999475,
				5.089416275000076,
				5.094556777999969,
				5.129109289000098,
				5.09580437600016,
				5.077167947999897,
				5.112660614000106,
				5.122794847000023
			],
			"average": 5.106339735100005,
			"std": 0.017088083350132142
		},
		"40": {
			"runs": [
				5.124713321999934,
				5.111769869999989,
				5.111834478999981,
				5.1175646450001295,
				5.129478428999846,
				5.1321674460000395,
				5.139474495999821,
				5.113195840000117,
				5.152722390000008,
				5.110961447999898
			],
			"average": 5.124388236499977,
			"std": 0.014086562198947147
		},
		"50": {
			"runs": [
				5.128837857000008,
				5.145850229999951,
				5.1496077209999385,
				5.138075908000019,
				5.161665764999952,
				5.127241432999881,
				5.1626994309999645,
				5.1183057860000645,
				5.1124807389999205,
				5.1621524009999575
			],
			"average": 5.1406917270999655,
			"std": 0.018607562041676733
		}
	},