{
	"1": {
		"1": {
			"runs": [
				5.016988981999987,
				5.015898768,
				5.015871196999996,
				5.015878286000003,
				5.015836741000015,
				5.015825368999998,
				5.015700115000016,
				5.015682491000007,
				5.015808182000001,
				5.015729981999982
			],
			"average": 5.015922011300001,
			"std": 0.0003824644910806364
		},
		"5": {
			"runs": [
				5.026529148000009,
				5.016230551000007,
				5.0162240380000185,
				5.026401597000017,
				5.016196156999996,
				5.0262871370000255,
				5.016368330999995,
				5.016184900000013,
				5.016247033000013,
				5.026534180999988
			],
			"average": 5.0203203073000084,
			"std": 0.0052659544717403185
		},
		"10": {
			"runs": [
				5.0170224560000065,
				5.027001165999991,
				5.0171404019999954,
				5.016978351999967,
				5.026826271999994,
				5.017122317999963,
				5.016899964000004,
				5.026681231999987,
				5.016945231000022,
				5.017069816999992
			],
			"average": 5.019968720999993,
			"std": 0.0047402025347911755
		},
		"15": {
			"runs": [
				5.0155041600000345,
				5.017671845999985,
				5.017484839999952,
				5.027018601000009,
				5.018003358999977,
				5.017555442000003,
				5.017821464999997,
				5.017866519999984,
				5.017551794999974,
				5.027102518999982
			],
			"average": 5.01935805469999,
			"std": 0.004120388400199328
		},
		"20": {
			"runs": [
				5.018152342000008,
				5.018569586000012,
				5.018556713999999,
				5.018185969000001,
				5.018689732000041,
				5.0180748160000235,
				5.027962084999956,
				5.027413471999978,
				5.018134218,
				5.018059740000012
			],
			"average": 5.020179867400003,
			"std": 0.003965594197773756
		},
		"50": {
			"runs": [
				5.036899308999978,
				5.028346570999986,
				5.037850031999994,
				5.028258749000031,
				5.037859828000023,
				5.065867331999925,
				5.028302702000019,
				5.030282413000009,
				5.028985585999976,
				5.027690235000023
			],
			"average": 5.035034275699997,
			"std": 0.011638618474954785
		}
	},
	"5": {
		"1": {
			"runs": [
				5.026327765000019,
				5.026037466999924,
				5.026018634000025,
				5.026023791999933,
				5.025983050000036,
				5.026076567000018,
				5.015888805000031,
				5.015919447999977,
				5.020943376000105,
				5.026065900000049
			],
			"average": 5.023528480400012,
			"std": 0.004326396851784074
		},
		"5": {
			"runs": [
				5.026327266999942,
				5.026500067000029,
				5.036561192000022,
				5.0170342639999035,
				5.026310869999975,
				5.0262769150000395,
				5.026355456000033,
				5.015961599999969,
				5.016892674000019,
				5.026279497000019
			],
			"average": 5.024449980199995,
			"std": 0.006256955298085132
		},
		"10": {
			"runs": [
				5.044498397999973,
				5.024737780999999,
				5.037060838000002,
				5.023371567999902,
				5.0235096029999795,
				5.043801221000081,
				5.037068160999979,
				5.03324620300009,
				5.026940147999994,
				5.026919088999989
			],
			"average": 5.032115300999999,
			"std": 0.008157419589334493
		},
		"15": {
			"runs": [
				5.054378796000037,
				5.047972903999948,
				5.033643028000029,
				5.024993361000043,
				5.0335178489999635,
				5.044643971000028,
				5.024073164000015,
				5.044118518999994,
				5.035551348000013,
				5.044360439000002
			],
			"average": 5.038725337900007,
			"std": 0.009959331915594415
		},
		"20": {
			"runs": [
				5.053725146000033,
				5.043981135999957,
				5.046471073000021,
				5.064685394000094,
				5.051229792000072,
				5.048954270999957,
				5.064523061000045,
				5.071576368000024,
				5.03686742900004,
				5.063055038000016
			],
			"average": 5.054506870800026,
			"std": 0.011040642331554452
		},
		"50": {
			"runs": [
				5.087006212999995,
				5.100170315000014,
				5.0948735150000175,
				5.088783480000075,
				5.090001441000027,
				5.089783509999961,
				5.09003131999998,
				5.100066776999938,
				5.111640237000074,
				5.087375017999989
			],
			"average": 5.093973182600007,
			"std": 0.007862326312950179
		}
	},
	"10": {
		"1": {
			"runs": [
				5.026780326999983,
				5.0260285360000125,
				5.026009348999992,
				5.026073419999989,
				5.025997593000056,
				5.025993283999924,
				5.026013153000122,
				5.016163330999916,
				5.026108143000101,
				5.016126645999975
			],
			"average": 5.024129378200007,
			"std": 0.004214762920438353
		},
		"5": {
			"runs": [
				5.024020280999821,
				5.022848898999882,
				5.022860079000111,
				5.02647422300015,
				5.036506525999812,
				5.032813603000022,
				5.023206318999883,
				5.0264425079999455,
				5.023285105000014,
				5.027590345999897
			],
			"average": 5.026604788899954,
			"std": 0.004654598879774293
		},
		"10": {
			"runs": [
				5.052471939999805,
				5.070877570999983,
				5.080814709999913,
				5.047295033999944,
				5.061245906000067,
				5.052261926000028,
				5.054495410000072,
				5.060743026999944,
				5.072802141000011,
				5.064188775000048
			],
			"average": 5.061719643999981,
			"std": 0.010613477376366112
		},
		"15": {
			"runs": [
				5.0804303009999785,
				5.091909241999929,
				5.049587586999905,
				5.047372902000006,
				5.065531226999838,
				5.06201778500008,
				5.092646350999985,
				5.079869186999986,
				5.071295084999974,
				5.070143752999911
			],
			"average": 5.071080341999959,
			"std": 0.015639794358373312
		},
		"20": {
			"runs": [
				5.0753879660001076,
				5.066927187999909,
				5.082094274999918,
				5.095529305000127,
				5.066361675000053,
				5.080411172999902,
				5.085406121999995,
				5.070117090999929,
				5.111221642000146,
				5.096895037999957
			],
			"average": 5.083035147500004,
			"std": 0.014601741239120683
		},
		"50": {
			"runs": [
				5.1532321049999155,
				5.124150781000026,
				5.131650686000057,
				5.114931972000022,
				5.136138351,
				5.150187930999891,
				5.127374214000156,
				5.145388625999885,
				5.107135300999971,
				5.126239661
			],
			"average": 5.131642962799992,
			"std": 0.01491677695746119
		}
	},
	"20": {
		"1": {
			"runs": [
				5.026699033999876,
				5.026149861000022,
				5.026000696999972,
				5.026064971999858,
				5.026026838000007,
				5.026139795999825,
				5.026011248000032,
				5.026071699000113,
				5.0164623970001685,
				5.026007117999825
			],
			"average": 5.02516336599997,
			"std": 0.003064260220873834
		},
		"5": {
			"runs": [
				5.0400947030000225,
				5.062194823000027,
				5.062967618999892,
				5.051983442999926,
				5.046336409000105,
				5.046513954999909,
				5.042071834000126,
				5.059035230000063,
				5.048677081000051,
				5.041039501000114
			],
			"average": 5.050091459800024,
			"std": 0.008634198279773663
		},
		"10": {
			"runs": [
				5.086043220999954,
				5.129561311999851,
				5.069148383000083,
				5.075663238000061,
				5.089412681999875,
				5.083603696999944,
				5.072839196999894,
				5.094101199000079,
				5.069939185000067,
				5.074224099000048
			],
			"average": 5.084453621299986,
			"std": 0.018004163082432495
		},
		"15": {
			"runs": [
				5.100603303000071,
				5.112135104999879,
				5.099727099999882,
				5.105856485999993,
				5.095621706999964,
				5.120477875000006,
				5.111711359000083,
				5.103580850999833,
				5.105933341999844,
				5.112083657000085
			],
			"average": 5.106773078499964,
			"std": 0.007400917948201488
		},
		"20": {
			"runs": [
				5.1144460499999695,
				5.128835643999992,
				5.145101424999893,
				5.109650786999964,
				5.129613631999973,
				5.119603173999849,
				5.11921071200004,
				5.124735716000032,
				5.13706116100002,
				5.110560071000009
			],
			"average": 5.123881837199974,
			"std": 0.011504786243851288
		},
		"50": {
			"runs": [
				5.195382308000035,
				5.204384377999986,
				5.2028639319999,
				5.1829649230001,
				5.19643586899997,
				5.207453836000013,
				5.194193280000036,
				5.1715151589999095,
				5.186558951999814,
				5.171792544000027
			],
			"average": 5.191354518099979,
			"std": 0.012828732690949765
		}
	}
}