{
	"1": {
		"1": {
			"runs": [
				5.016529798999983,
				5.015916043000004,
				5.015850923000016,
				5.015693569999996,
				5.015732275999994,
				5.0157268110000075,
				5.015865407000007,
				5.015836266999997,
				5.015697961000001,
				5.015831614999996
			],
			"average": 5.0158680672000004,
			"std": 0.0002450872009169274
		},
		"10": {
			"runs": [
				5.0171517949999895,
				5.026731015000024,
				5.026967110000015,
				5.026879258000008,
				5.017032895,
				5.017008150999999,
				5.026736505000002,
				5.017267095000022,
				5.017066977000013,
				5.017036070000017
			],
			"average": 5.020987687100009,
			"std": 0.005027922431530867
		},
		"20": {
			"runs": [
				5.037646721000044,
				5.018290290999971,
				5.0181809840000255,
				5.027587481000012,
				5.027641998999968,
				5.027919968999981,
				5.018778236999992,
				5.027951997999992,
				5.027502559999959,
				5.028260536999994
			],
			"average": 5.025976077699994,
			"std": 0.006041076247617315
		},
		"30": {
			"runs": [
				5.0284458600000335,
				5.028390590000015,
				5.028424751999978,
				5.028595444999951,
				5.028571329999977,
				5.028403265999998,
				5.028333270000019,
				5.029005857000016,
				5.039219241000012,
				5.028257332999999
			],
			"average": 5.029564694399999,
			"std": 0.0033985794837377396
		},
		"40": {
			"runs": [
				5.02956876099995,
				5.029201305000015,
				5.039211889000001,
				5.0299599659999785,
				5.029988176000018,
				5.0292270730000155,
				5.029318848999992,
				5.029307581999944,
				5.024333213000034,
				5.029172206999988
			],
			"average": 5.029928902099994,
			"std": 0.003651065518958478
		}
	},
	"10": {
		"1": {
			"runs": [
				5.026453128000014,
				5.026070876000006,
				5.0261366180000095,
				5.02604244500003,
				5.02602621099993,
				5.026119567000023,
				5.026074091999931,
				5.026047051000091,
				5.016173641000023,
				5.026002758999994
			],
			"average": 5.025114638800005,
			"std": 0.0031441691256594256
		},
		"10": {
			"runs": [
				5.0734239109999635,
				5.063712174999978,
				5.042648956999983,
				5.072328545000005,
				5.060295667999981,
				5.06754434100003,
				5.044893963999925,
				5.072940063000033,
				5.0501229909999665,
				5.040657203000023
			],
			"average": 5.058856781799989,
			"std": 0.013158457455960795
		},
		"20": {
			"runs": [
				5.075935634999951,
				5.059746657000005,
				5.106126728999925,
				5.060001762999946,
				5.09219009100002,
				5.069284211999957,
				5.107973129000015,
				5.07586771900003,
				5.056909274000077,
				5.066343734000043
			],
			"average": 5.0770378942999965,
			"std": 0.01886850717384511
		},
		"30": {
			"runs": [
				5.118572253000025,
				5.081967959000053,
				5.094499493999933,
				5.11705892000009,
				5.092666829999985,
				5.105881381000017,
				5.131091682000033,
				5.08037101900004,
				5.0892651820000765,
				5.095273571000007
			],
			"average": 5.100664829100026,
			"std": 0.016881470718619396
		},
		"40": {
			"runs": [
				5.111077150000028,
				5.134607570000071,
				5.115439023000022,
				5.112784837000049,
				5.111102297000002,
				5.111711476999972,
				5.132246752000015,
				5.13115533000007,
				5.121608654000056,
				5.097907460999977
			],
			"average": 5.1179640551000265,
			"std": 0.011725422649097796
		}
	},
	"20": {
		"1": {
			"runs": [
				5.026572258999977,
				5.0260660809999536,
				5.0261079199999585,
				5.026034441999968,
				5.02604171400003,
				5.026115391000076,
				5.016437805999999,
				5.016526595999949,
				5.026007015999994,
				5.026022894999983
			],
			"average": 5.024193211999989,
			"std": 0.004067437321204362
		},
		"10": {
			"runs": [
				5.075143103999949,
				5.064133911999988,
				5.086559185999931,
				5.066111003999936,
				5.079082716000016,
				5.058138439000004,
				5.068297907999977,
				5.076710777000017,
				5.078562113999965,
				5.0658814529999745
			],
			"average": 5.071862061299976,
			"std": 0.008672542528336324
		},
		"20": {
			"runs": [
				5.104166280999948,
				5.127440318000026,
				5.111122862000002,
				5.150361604000068,
				5.1188978510000425,
				5.110971690000042,
				5.119834534999882,
				5.110382757000025,
				5.10917160200006,
				5.127479118999872
			],
			"average": 5.118982861899997,
			"std": 0.013518650271289501
		},
		"30": {
			"runs": [
				5.185364248000042,
				5.164533141999982,
				5.1543884750001325,
				5.142546066000023,
				5.129774546999897,
				5.125395634000142,
				5.167542605000108,
				5.1379798460000075,
				5.13453805600011,
				5.146298180000031
			],
			"average": 5.148836079900048,
			"std": 0.018981163321004236
		},
		"40": {
			"runs": [
				5.163170537000042,
				5.1511137349998535,
				5.14760775700006,
				5.189092461999962,
				5.211117225999942,
				5.163211982999883,
				5.194233798999903,
				5.148269062000054,
				5.161187824999843,
				5.161840928000174
			],
			"average": 5.169084531399972,
			"std": 0.021605877307181175
		}
	},
	"30": {
		"1": {
			"runs": [
				5.036553268000034,
				5.036312176000138,
				5.046421504000136,
				5.0259739519999584,
				5.036217806999957,
				5.036206226000104,
				5.026002865999999,
				5.025524425999947,
				5.026084734000051,
				5.026250726000171
			],
			"average": 5.03215476850005,
			"std": 0.007186453628932737
		},
		"10": {
			"runs": [
				5.0848356010001226,
				5.082718245000024,
				5.107481679999864,
				5.104288047999944,
				5.082269583000198,
				5.102722470000117,
				5.11267162199988,
				5.083759841999836,
				5.12845015899984,
				5.084624920000124
			],
			"average": 5.0973822169999945,
			"std": 0.01607741674872982
		},
		"20": {
			"runs": [
				5.128552142999979,
				5.1637206099999275,
				5.12044111199998,
				5.1729828969998835,
				5.1261350990000665,
				5.121581580000111,
				5.1274681840000085,
				5.133054035999976,
				5.1739457679998395,
				5.134909819000086
			],
			"average": 5.140279124799986,
			"std": 0.021287332872215375
		},
		"30": {
			"runs": [
				5.209557221000068,
				5.201360061000059,
				5.166550947999895,
				5.157045381999978,
				5.156554573999983,
				5.166177982000136,
				5.205702921000011,
				5.159322071000133,
				5.178962691999914,
				5.176675441000043
			],
			"average": 5.177790929300022,
			"std": 0.020628876338292235
		},
		"40": {
			"runs": [
				5.209652361999815,
				5.199044730999958,
				5.209619717000123,
				5.241155461000062,
				5.219529798999929,
				5.204282181000053,
				5.20886727900006,
				5.211819139999989,
				5.2173856279998745,
				5.257605134999949
			],
			"average": 5.217896143299981,
			"std": 0.018001094336501978
		}
	},
	"40": {
		"1": {
			"runs": [
				5.027080752000074,
				5.046505757999967,
				5.026189868000074,
				5.036219633999963,
				5.036252966999882,
				5.026011995999852,
				5.036328458000071,
				5.026097393999862,
				5.026068115999806,
				5.036241429000029
			],
			"average": 5.032299637199958,
			"std": 0.00703939967994232
		},
		"10": {
			"runs": [
				5.133114438000121,
				5.1101199549998455,
				5.117755297000031,
				5.107649716999958,
				5.106586838999874,
				5.102404386999979,
				5.0854138839999905,
				5.094247100999837,
				5.117456074999836,
				5.118501466999987
			],
			"average": 5.109324915999946,
			"std": 0.013520538443503363
		},
		"20": {
			"runs": [
				5.172378200999901,
				5.15660039699992,
				5.150033300999894,
				5.177555264000148,
				5.169669782000028,
				5.166564610000023,
				5.145921069999986,
				5.181523640999785,
				5.155536476999941,
				5.174741347000008
			],
			"average": 5.165052408999964,
			"std": 0.01225807536894533
		},
		"30": {
			"runs": [
				5.203714800000171,
				5.22109122400002,
				5.214618588999883,
				5.197383003000141,
				5.21464226199987,
				5.194940395999993,
				5.197207161000051,
				5.2348651620000055,
				5.241846204000012,
				5.199081965999994
			],
			"average": 5.211939076700014,
			"std": 0.016563340503549365
		},